TimeFrame,Location Id,Dwelling Type,Number Of Beds,Total Bonds,Active Bonds,Closed Bonds,Geometric Mean Rent,Log Std Dev Weekly Rent,TA2019,WARD2019
2026-04-01,316600,ALL,1,9,24,0,620.0,0.1417,Christchurch City,"['Hornby Ward', 'Harewood Ward']"
2026-04-01,316800,ALL,1,9,39,0,458.0,0.6683,Christchurch City,['Harewood Ward']
2026-04-01,316900,ALL,1,6,12,0,677.0,0.1733,Christchurch City,['Harewood Ward']
2026-04-01,317300,ALL,1,6,18,0,590.0,0.1148,Christchurch City,['Innes Ward']
2026-04-01,317400,ALL,1,6,24,6,598.0,0.129,Christchurch City,['Harewood Ward']
2026-04-01,317700,ALL,1,12,30,3,607.0,0.1153,Christchurch City,['Waimairi Ward']
2026-04-01,317800,ALL,1,15,57,0,552.0,0.5668,Christchurch City,['Harewood Ward']
2026-04-01,317900,ALL,1,6,12,3,638.0,0.164,Christchurch City,"['Papanui Ward', 'Harewood Ward']"
2026-04-01,318000,ALL,1,6,39,0,764.0,0.2576,Christchurch City,['Harewood Ward']
2026-04-01,318100,ALL,1,9,30,0,689.0,0.0377,Christchurch City,['Hornby Ward']
2026-04-01,318300,ALL,1,12,36,0,236.0,0.7844,Christchurch City,['Waimairi Ward']
2026-04-01,318400,ALL,1,6,45,0,443.0,0.7309,Christchurch City,"['Innes Ward', 'Papanui Ward']"
2026-04-01,318800,ALL,1,9,42,6,562.0,0.3549,Christchurch City,['Papanui Ward']
2026-04-01,319000,ALL,1,15,51,3,392.0,0.8351,Christchurch City,['Harewood Ward']
2026-04-01,319200,ALL,1,6,33,0,697.0,0.1911,Christchurch City,['Waimairi Ward']
2026-04-01,319300,ALL,1,9,21,0,610.0,0.0937,Christchurch City,['Hornby Ward']
2026-04-01,319500,ALL,1,9,39,3,529.0,0.4125,Christchurch City,['Waimairi Ward']
2026-04-01,319600,ALL,1,6,24,3,582.0,0.1801,Christchurch City,['Papanui Ward']
2026-04-01,319700,ALL,1,12,114,6,431.0,0.4443,Christchurch City,['Waimairi Ward']
2026-04-01,319800,ALL,1,27,87,0,504.0,0.3996,Christchurch City,['Hornby Ward']
2026-04-01,319900,ALL,1,18,135,9,466.0,0.534,Christchurch City,"['Fendalton Ward', 'Papanui Ward']"
2026-04-01,320100,ALL,1,6,57,0,589.0,0.1075,Christchurch City,['Papanui Ward']
2026-04-01,320200,ALL,1,15,45,6,583.0,0.1551,Christchurch City,"['Waimairi Ward', 'Fendalton Ward']"
2026-04-01,320300,ALL,1,9,36,3,659.0,0.1432,Christchurch City,['Hornby Ward']
2026-04-01,320500,ALL,1,21,84,6,459.0,0.5991,Christchurch City,['Papanui Ward']
2026-04-01,320600,ALL,1,12,51,0,426.0,0.7947,Christchurch City,['Fendalton Ward']
2026-04-01,320700,ALL,1,12,54,6,465.0,0.5611,Christchurch City,['Riccarton Ward']
2026-04-01,320800,ALL,1,15,117,6,428.0,0.672,Christchurch City,"['Fendalton Ward', 'Papanui Ward']"
2026-04-01,320900,ALL,1,9,45,0,554.0,0.1372,Christchurch City,['Papanui Ward']
2026-04-01,321000,ALL,1,18,81,0,555.0,0.4356,Christchurch City,"['Hornby Ward', 'Riccarton Ward']"
2026-04-01,321100,ALL,1,12,18,0,747.0,0.0555,Christchurch City,['Hornby Ward']
2026-04-01,321200,ALL,1,12,93,0,523.0,0.7834,Christchurch City,['Riccarton Ward']
2026-04-01,321300,ALL,1,9,24,0,720.0,0.3595,Christchurch City,"['Burwood Ward', 'Innes Ward']"
2026-04-01,321400,ALL,1,27,96,12,296.0,0.5845,Christchurch City,['Fendalton Ward']
2026-04-01,321500,ALL,1,27,249,12,293.0,0.644,Christchurch City,['Fendalton Ward']
2026-04-01,321700,ALL,1,12,120,15,304.0,0.4306,Christchurch City,['Innes Ward']
2026-04-01,321800,ALL,1,6,42,0,462.0,0.1572,Christchurch City,['Riccarton Ward']
2026-04-01,321900,ALL,1,15,69,3,589.0,0.1597,Christchurch City,['Halswell Ward']
2026-04-01,322000,ALL,1,21,84,3,518.0,0.4634,Christchurch City,['Riccarton Ward']
2026-04-01,322100,ALL,1,6,9,0,687.0,0.1495,Christchurch City,"['Innes Ward', 'Papanui Ward']"
2026-04-01,322200,ALL,1,9,27,0,610.0,0.2783,Christchurch City,"['Papanui Ward', 'Fendalton Ward']"
2026-04-01,322500,ALL,1,18,111,3,392.0,0.6257,Christchurch City,['Halswell Ward']
2026-04-01,322600,ALL,1,9,24,0,644.0,0.2166,Christchurch City,['Fendalton Ward']
2026-04-01,322700,ALL,1,33,132,9,605.0,0.2165,Christchurch City,['Riccarton Ward']
2026-04-01,322900,ALL,1,12,63,0,617.0,0.1446,Christchurch City,['Halswell Ward']
2026-04-01,323000,ALL,1,15,69,6,447.0,0.4775,Christchurch City,['Fendalton Ward']
2026-04-01,323100,ALL,1,39,285,18,455.0,0.3356,Christchurch City,['Innes Ward']
2026-04-01,323200,ALL,1,6,30,3,536.0,0.0854,Christchurch City,['Riccarton Ward']
2026-04-01,323300,ALL,1,39,192,6,387.0,0.7189,Christchurch City,['Riccarton Ward']
2026-04-01,323400,ALL,1,33,225,6,543.0,0.3868,Christchurch City,['Innes Ward']
2026-04-01,323800,ALL,1,9,30,3,380.0,0.7072,Christchurch City,['Innes Ward']
2026-04-01,323900,ALL,1,6,18,3,524.0,0.4108,Christchurch City,"['Central Ward', 'Fendalton Ward']"
2026-04-01,324000,ALL,1,48,240,6,511.0,0.3681,Christchurch City,['Burwood Ward']
2026-04-01,324300,ALL,1,15,51,0,706.0,0.1919,Christchurch City,['Halswell Ward']
2026-04-01,324400,ALL,1,9,66,0,454.0,0.7368,Christchurch City,['Riccarton Ward']
2026-04-01,324500,ALL,1,54,276,21,466.0,0.3239,Christchurch City,['Halswell Ward']
2026-04-01,324600,ALL,1,6,54,3,595.0,0.0988,Christchurch City,['Burwood Ward']
2026-04-01,324800,ALL,1,12,33,0,477.0,0.5985,Christchurch City,"['Central Ward', 'Innes Ward']"
2026-04-01,325000,ALL,1,9,63,9,633.0,0.187,Christchurch City,"['Halswell Ward', 'Spreydon Ward']"
2026-04-01,325100,ALL,1,69,357,15,493.0,0.2857,Christchurch City,['Coastal Ward']
2026-04-01,325200,ALL,1,9,12,0,770.0,0.1606,Christchurch City,['Riccarton Ward']
2026-04-01,325300,ALL,1,36,180,21,426.0,0.4001,Christchurch City,"['Central Ward', 'Innes Ward']"
2026-04-01,325400,ALL,1,75,501,30,409.0,0.5125,Christchurch City,['Halswell Ward']
2026-04-01,325700,ALL,1,12,63,0,512.0,0.2677,Christchurch City,['Central Ward']
2026-04-01,325800,ALL,1,60,489,30,312.0,0.5937,Christchurch City,['Central Ward']
2026-04-01,325900,ALL,1,9,24,0,657.0,0.0827,Christchurch City,"['Innes Ward', 'Central Ward']"
2026-04-01,326100,ALL,1,6,21,3,534.0,0.0546,Christchurch City,['Spreydon Ward']
2026-04-01,326300,ALL,1,12,69,6,470.0,0.1834,Christchurch City,['Halswell Ward']
2026-04-01,326400,ALL,1,6,45,3,228.0,1.0054,Christchurch City,"['Spreydon Ward', 'Central Ward']"
2026-04-01,326500,ALL,1,33,234,15,378.0,0.4671,Christchurch City,['Burwood Ward']
2026-04-01,326700,ALL,1,45,177,3,566.0,0.0878,Christchurch City,['Spreydon Ward']
2026-04-01,326800,ALL,1,114,444,30,450.0,0.3639,Christchurch City,['Central Ward']
2026-04-01,326900,ALL,1,33,93,9,504.0,0.1162,Christchurch City,['Spreydon Ward']
2026-04-01,327000,ALL,1,12,42,0,509.0,0.2718,Christchurch City,['Central Ward']
2026-04-01,327100,ALL,1,12,39,3,727.0,0.0322,Christchurch City,['Central Ward']
2026-04-01,327200,ALL,1,45,222,6,459.0,0.4278,Christchurch City,['Coastal Ward']
2026-04-01,327300,ALL,1,6,12,0,585.0,0.0784,Christchurch City,['Halswell Ward']
2026-04-01,327400,ALL,1,48,240,12,472.0,0.5316,Christchurch City,"['Central Ward', 'Spreydon Ward']"
2026-04-01,327500,ALL,1,9,96,33,238.0,0.674,Christchurch City,['Burwood Ward']
2026-04-01,327600,ALL,1,102,549,45,387.0,0.4473,Christchurch City,['Spreydon Ward']
2026-04-01,327800,ALL,1,6,27,0,453.0,0.8545,Christchurch City,"['Linwood Ward', 'Central Ward']"
2026-04-01,327900,ALL,1,6,36,9,482.0,0.0648,Christchurch City,"['Central Ward', 'Linwood Ward']"
2026-04-01,328000,ALL,1,30,126,3,508.0,0.4421,Christchurch City,['Halswell Ward']
2026-04-01,328100,ALL,1,12,63,6,362.0,0.7545,Christchurch City,['Central Ward']
2026-04-01,328200,ALL,1,6,48,3,450.0,0.7309,Christchurch City,['Spreydon Ward']
2026-04-01,328300,ALL,1,36,120,3,523.0,0.1105,Christchurch City,['Coastal Ward']
2026-04-01,328400,ALL,1,6,18,0,272.0,0.9257,Christchurch City,"['Burwood Ward', 'Linwood Ward']"
2026-04-01,328500,ALL,1,12,117,6,312.0,0.6797,Christchurch City,"['Central Ward', 'Linwood Ward']"
2026-04-01,328600,ALL,1,60,348,24,379.0,0.5441,Christchurch City,['Burwood Ward']
2026-04-01,328700,ALL,1,9,45,0,700.0,0.0721,Christchurch City,['Heathcote Ward']
2026-04-01,328900,ALL,1,21,99,6,440.0,0.5688,Christchurch City,"['Linwood Ward', 'Central Ward']"
2026-04-01,329000,ALL,1,9,78,3,368.0,0.7895,Christchurch City,['Halswell Ward']
2026-04-01,329100,ALL,1,12,48,3,299.0,0.7185,Christchurch City,['Cashmere Ward']
2026-04-01,329200,ALL,1,27,174,12,359.0,0.6738,Christchurch City,"['Cashmere Ward', 'Spreydon Ward']"
2026-04-01,329300,ALL,1,6,12,3,648.0,0.0709,Christchurch City,['Linwood Ward']
2026-04-01,329400,ALL,1,30,105,9,478.0,0.2338,Christchurch City,['Heathcote Ward']
2026-04-01,329500,ALL,1,15,123,3,488.0,0.2334,Christchurch City,"['Cashmere Ward', 'Spreydon Ward']"
2026-04-01,329600,ALL,1,24,198,12,400.0,0.4258,Christchurch City,['Linwood Ward']
2026-04-01,329700,ALL,1,6,18,0,826.0,0.5029,Christchurch City,['Heathcote Ward']
2026-04-01,329900,ALL,1,27,87,0,333.0,0.6017,Christchurch City,['Heathcote Ward']
2026-04-01,330000,ALL,1,27,138,6,507.0,0.2013,Christchurch City,"['Halswell Ward', 'Cashmere Ward']"
2026-04-01,330100,ALL,1,12,102,3,465.0,0.2869,Christchurch City,['Linwood Ward']
2026-04-01,330200,ALL,1,6,33,6,555.0,0.259,Christchurch City,['Coastal Ward']
2026-04-01,330500,ALL,1,12,81,3,423.0,0.5757,Christchurch City,['Linwood Ward']
2026-04-01,330600,ALL,1,6,18,0,599.0,0.3808,Christchurch City,['Cashmere Ward']
2026-04-01,331100,ALL,1,6,30,3,632.0,0.1977,Christchurch City,"['Linwood Ward', 'Heathcote Ward']"
2026-04-01,331200,ALL,1,6,57,0,129.0,0.6773,Christchurch City,['Cashmere Ward']
2026-04-01,331300,ALL,1,9,27,3,581.0,0.6241,Christchurch City,['Cashmere Ward']
2026-04-01,331400,ALL,1,12,27,3,659.0,0.1626,Christchurch City,"['Heathcote Ward', 'Cashmere Ward']"
2026-04-01,331700,ALL,1,9,12,0,692.0,0.4053,Christchurch City,['Coastal Ward']
2026-04-01,332000,ALL,1,15,54,3,418.0,0.5574,Christchurch City,['Heathcote Ward']
2026-04-01,332400,ALL,1,12,60,0,475.0,0.406,Christchurch City,['Heathcote Ward']
2026-04-01,332500,ALL,1,6,9,0,625.0,0.2288,Christchurch City,['Banks Peninsula Ward']
2026-04-01,332700,ALL,1,6,27,0,618.0,0.0972,Christchurch City,['Heathcote Ward']
2026-04-01,319800,ALL,2,6,81,12,566.0,0.0282,Christchurch City,['Hornby Ward']
2026-04-01,320700,ALL,2,6,93,6,495.0,0.0699,Christchurch City,['Riccarton Ward']
2026-04-01,321400,ALL,2,18,339,36,570.0,0.1891,Christchurch City,['Fendalton Ward']
2026-04-01,321800,ALL,2,6,93,3,654.0,0.1688,Christchurch City,['Riccarton Ward']
2026-04-01,322200,ALL,2,6,168,15,469.0,0.3724,Christchurch City,"['Papanui Ward', 'Fendalton Ward']"
2026-04-01,322700,ALL,2,15,195,18,437.0,0.3845,Christchurch City,['Riccarton Ward']
2026-04-01,323000,ALL,2,21,324,36,478.0,0.4471,Christchurch City,['Fendalton Ward']
2026-04-01,323200,ALL,2,12,378,21,513.0,0.0842,Christchurch City,['Riccarton Ward']
2026-04-01,323300,ALL,2,15,369,36,514.0,0.183,Christchurch City,['Riccarton Ward']
2026-04-01,323800,ALL,2,9,63,3,602.0,0.1122,Christchurch City,['Innes Ward']
2026-04-01,323900,ALL,2,24,681,45,488.0,0.1098,Christchurch City,"['Central Ward', 'Fendalton Ward']"
2026-04-01,324400,ALL,2,12,129,27,584.0,0.1308,Christchurch City,['Riccarton Ward']
2026-04-01,324800,ALL,2,27,378,48,502.0,0.2726,Christchurch City,"['Central Ward', 'Innes Ward']"
2026-04-01,325200,ALL,2,6,153,15,474.0,0.2141,Christchurch City,['Riccarton Ward']
2026-04-01,325300,ALL,2,24,357,33,452.0,0.3635,Christchurch City,"['Central Ward', 'Innes Ward']"
2026-04-01,325700,ALL,2,12,138,12,556.0,0.1116,Christchurch City,['Central Ward']
2026-04-01,325800,ALL,2,21,279,39,544.0,0.2795,Christchurch City,['Central Ward']
2026-04-01,326100,ALL,2,6,87,12,683.0,0.313,Christchurch City,['Spreydon Ward']
2026-04-01,326800,ALL,2,9,306,27,498.0,0.0603,Christchurch City,['Central Ward']
2026-04-01,326900,ALL,2,12,171,9,537.0,0.1093,Christchurch City,['Spreydon Ward']
2026-04-01,327000,ALL,2,6,39,9,466.0,0.225,Christchurch City,['Central Ward']
2026-04-01,327100,ALL,2,33,768,60,470.0,0.1179,Christchurch City,['Central Ward']
2026-04-01,327400,ALL,2,15,87,6,518.0,0.1331,Christchurch City,"['Central Ward', 'Spreydon Ward']"
2026-04-01,327600,ALL,2,6,54,3,447.0,0.2024,Christchurch City,['Spreydon Ward']
2026-04-01,327700,ALL,2,12,129,18,500.0,0.0587,Christchurch City,"['Spreydon Ward', 'Halswell Ward']"
2026-04-01,327900,ALL,2,12,396,30,461.0,0.1179,Christchurch City,"['Central Ward', 'Linwood Ward']"
2026-04-01,328200,ALL,2,15,126,9,580.0,0.1925,Christchurch City,['Spreydon Ward']
2026-04-01,328400,ALL,2,15,186,24,445.0,0.2676,Christchurch City,"['Burwood Ward', 'Linwood Ward']"
2026-04-01,328500,ALL,2,6,159,12,507.0,0.1244,Christchurch City,"['Central Ward', 'Linwood Ward']"
2026-04-01,328900,ALL,2,6,279,15,530.0,0.0473,Christchurch City,"['Linwood Ward', 'Central Ward']"
2026-04-01,329100,ALL,2,12,210,18,444.0,0.2552,Christchurch City,['Cashmere Ward']
2026-04-01,329400,ALL,2,9,72,3,517.0,0.0767,Christchurch City,['Heathcote Ward']
2026-04-01,329600,ALL,2,9,162,9,507.0,0.1415,Christchurch City,['Linwood Ward']
2026-04-01,329700,ALL,2,6,66,6,531.0,0.0721,Christchurch City,['Heathcote Ward']
2026-04-01,329900,ALL,2,6,102,3,508.0,0.0895,Christchurch City,['Heathcote Ward']
2026-04-01,330100,ALL,2,6,57,6,495.0,0.0791,Christchurch City,['Linwood Ward']
2026-04-01,330200,ALL,2,6,27,3,476.0,0.1655,Christchurch City,['Coastal Ward']
2026-04-01,331700,ALL,2,6,30,3,424.0,0.068,Christchurch City,['Coastal Ward']
2026-04-01,317300,ALL,3,6,126,12,664.0,0.1275,Christchurch City,['Innes Ward']
2026-04-01,317800,ALL,3,6,120,9,558.0,0.1751,Christchurch City,['Harewood Ward']
2026-04-01,317900,ALL,3,6,69,9,562.0,0.0508,Christchurch City,"['Papanui Ward', 'Harewood Ward']"
2026-04-01,318000,ALL,3,9,180,12,623.0,0.2102,Christchurch City,['Harewood Ward']
2026-04-01,318300,ALL,3,6,111,9,534.0,0.0982,Christchurch City,['Waimairi Ward']
2026-04-01,319200,ALL,3,6,108,3,597.0,0.1282,Christchurch City,['Waimairi Ward']
2026-04-01,319500,ALL,3,6,120,9,603.0,0.0376,Christchurch City,['Waimairi Ward']
2026-04-01,319600,ALL,3,12,96,9,639.0,0.1236,Christchurch City,['Papanui Ward']
2026-04-01,319800,ALL,3,9,75,12,780.0,0.266,Christchurch City,['Hornby Ward']
2026-04-01,319900,ALL,3,9,144,6,601.0,0.0869,Christchurch City,"['Fendalton Ward', 'Papanui Ward']"
2026-04-01,320300,ALL,3,6,213,15,560.0,0.0998,Christchurch City,['Hornby Ward']
2026-04-01,320500,ALL,3,6,90,6,693.0,0.1066,Christchurch City,['Papanui Ward']
2026-04-01,320700,ALL,3,6,84,6,639.0,0.0679,Christchurch City,['Riccarton Ward']
2026-04-01,320800,ALL,3,6,93,3,566.0,0.1142,Christchurch City,"['Fendalton Ward', 'Papanui Ward']"
2026-04-01,320900,ALL,3,6,75,9,691.0,0.0993,Christchurch City,['Papanui Ward']
2026-04-01,321000,ALL,3,6,30,3,1295.0,0.0998,Christchurch City,"['Hornby Ward', 'Riccarton Ward']"
2026-04-01,321100,ALL,3,6,108,15,688.0,0.1326,Christchurch City,['Hornby Ward']
2026-04-01,321400,ALL,3,12,126,21,608.0,0.072,Christchurch City,['Fendalton Ward']
2026-04-01,321700,ALL,3,6,48,6,906.0,0.3346,Christchurch City,['Innes Ward']
2026-04-01,321800,ALL,3,6,138,6,604.0,0.1063,Christchurch City,['Riccarton Ward']
2026-04-01,322100,ALL,3,9,105,12,715.0,0.1705,Christchurch City,"['Innes Ward', 'Papanui Ward']"
2026-04-01,322600,ALL,3,12,204,18,490.0,0.421,Christchurch City,['Fendalton Ward']
2026-04-01,323000,ALL,3,9,141,15,722.0,0.173,Christchurch City,['Fendalton Ward']
2026-04-01,323100,ALL,3,12,195,24,783.0,0.3316,Christchurch City,['Innes Ward']
2026-04-01,323200,ALL,3,12,120,9,544.0,0.2519,Christchurch City,['Riccarton Ward']
2026-04-01,323400,ALL,3,12,231,27,660.0,0.1197,Christchurch City,['Innes Ward']
2026-04-01,323800,ALL,3,6,102,0,599.0,0.0682,Christchurch City,['Innes Ward']
2026-04-01,324400,ALL,3,6,108,6,650.0,0.2399,Christchurch City,['Riccarton Ward']
2026-04-01,324500,ALL,3,12,126,12,551.0,0.126,Christchurch City,['Halswell Ward']
2026-04-01,324800,ALL,3,6,108,9,586.0,0.032,Christchurch City,"['Central Ward', 'Innes Ward']"
2026-04-01,325100,ALL,3,6,87,6,698.0,0.3951,Christchurch City,['Coastal Ward']
2026-04-01,325300,ALL,3,9,216,15,611.0,0.0688,Christchurch City,"['Central Ward', 'Innes Ward']"
2026-04-01,325600,ALL,3,12,165,21,611.0,0.1875,Christchurch City,['Burwood Ward']
2026-04-01,325900,ALL,3,6,111,9,658.0,0.2982,Christchurch City,"['Innes Ward', 'Central Ward']"
2026-04-01,326100,ALL,3,6,195,9,480.0,0.3944,Christchurch City,['Spreydon Ward']
2026-04-01,326900,ALL,3,6,96,12,607.0,0.0605,Christchurch City,['Spreydon Ward']
2026-04-01,327000,ALL,3,9,138,9,548.0,0.0983,Christchurch City,['Central Ward']
2026-04-01,327400,ALL,3,9,228,15,505.0,0.4407,Christchurch City,"['Central Ward', 'Spreydon Ward']"
2026-04-01,327600,ALL,3,12,141,9,510.0,0.3605,Christchurch City,['Spreydon Ward']
2026-04-01,327700,ALL,3,6,87,3,676.0,0.0927,Christchurch City,"['Spreydon Ward', 'Halswell Ward']"
2026-04-01,327900,ALL,3,6,123,9,592.0,0.157,Christchurch City,"['Central Ward', 'Linwood Ward']"
2026-04-01,328200,ALL,3,6,90,12,566.0,0.2248,Christchurch City,['Spreydon Ward']
2026-04-01,328600,ALL,3,9,81,3,489.0,0.1255,Christchurch City,['Burwood Ward']
2026-04-01,328900,ALL,3,9,48,6,542.0,0.1264,Christchurch City,"['Linwood Ward', 'Central Ward']"
2026-04-01,329400,ALL,3,6,57,0,653.0,0.1754,Christchurch City,['Heathcote Ward']
2026-04-01,329500,ALL,3,12,84,9,780.0,0.3384,Christchurch City,"['Cashmere Ward', 'Spreydon Ward']"
2026-04-01,329700,ALL,3,9,51,3,568.0,0.1331,Christchurch City,['Heathcote Ward']
2026-04-01,330200,ALL,3,12,36,0,617.0,0.0295,Christchurch City,['Coastal Ward']
2026-04-01,330500,ALL,3,18,144,12,610.0,0.0603,Christchurch City,['Linwood Ward']
2026-04-01,331000,ALL,3,6,18,3,652.0,0.0783,Christchurch City,['Linwood Ward']
2026-04-01,331400,ALL,3,6,18,3,470.0,0.3057,Christchurch City,"['Heathcote Ward', 'Cashmere Ward']"
2026-04-01,332700,ALL,3,9,72,3,539.0,0.1165,Christchurch City,['Heathcote Ward']
2026-04-01,320200,ALL,4,9,45,3,522.0,0.3837,Christchurch City,"['Waimairi Ward', 'Fendalton Ward']"
2026-04-01,320700,ALL,4,9,39,3,677.0,0.0148,Christchurch City,['Riccarton Ward']
2026-04-01,321300,ALL,4,15,105,9,682.0,0.1288,Christchurch City,"['Burwood Ward', 'Innes Ward']"
2026-04-01,322900,ALL,4,6,12,0,690.0,0.031,Christchurch City,['Halswell Ward']
2026-04-01,323300,ALL,4,6,51,3,649.0,0.1677,Christchurch City,['Riccarton Ward']
2026-04-01,324400,ALL,4,6,36,3,691.0,0.0803,Christchurch City,['Riccarton Ward']
2026-04-01,324500,ALL,4,18,51,6,618.0,0.8477,Christchurch City,['Halswell Ward']
2026-04-01,327300,ALL,4,18,72,3,1026.0,0.2933,Christchurch City,['Halswell Ward']
2026-04-01,327400,ALL,4,12,48,0,1172.0,0.1669,Christchurch City,"['Central Ward', 'Spreydon Ward']"
2026-04-01,316600,ALL,ALL,18,273,9,685.0,0.1927,Christchurch City,"['Hornby Ward', 'Harewood Ward']"
2026-04-01,316800,ALL,ALL,15,195,9,633.0,0.1782,Christchurch City,['Harewood Ward']
2026-04-01,316900,ALL,ALL,6,111,9,566.0,0.1734,Christchurch City,['Harewood Ward']
2026-04-01,317300,ALL,ALL,6,111,3,609.0,0.1276,Christchurch City,['Innes Ward']
2026-04-01,317400,ALL,ALL,15,129,12,308.0,0.7824,Christchurch City,['Harewood Ward']
2026-04-01,317600,ALL,ALL,6,117,6,610.0,0.3172,Christchurch City,['Harewood Ward']
2026-04-01,317700,ALL,ALL,9,207,9,473.0,0.4982,Christchurch City,['Waimairi Ward']
2026-04-01,317800,ALL,ALL,30,342,36,598.0,0.249,Christchurch City,['Harewood Ward']
2026-04-01,317900,ALL,ALL,21,273,18,404.0,0.7905,Christchurch City,"['Papanui Ward', 'Harewood Ward']"
2026-04-01,318000,ALL,ALL,12,153,6,399.0,0.4935,Christchurch City,['Harewood Ward']
2026-04-01,318100,ALL,ALL,18,273,21,677.0,0.1653,Christchurch City,['Hornby Ward']
2026-04-01,318200,ALL,ALL,18,228,12,576.0,0.1397,Christchurch City,['Hornby Ward']
2026-04-01,318300,ALL,ALL,21,300,18,579.0,0.3164,Christchurch City,['Waimairi Ward']
2026-04-01,318400,ALL,ALL,18,219,18,588.0,0.1648,Christchurch City,"['Innes Ward', 'Papanui Ward']"
2026-04-01,318600,ALL,ALL,24,423,21,519.0,0.3875,Christchurch City,['Papanui Ward']
2026-04-01,318700,ALL,ALL,30,360,24,524.0,0.3681,Christchurch City,['Hornby Ward']
2026-04-01,318800,ALL,ALL,30,573,39,541.0,0.4475,Christchurch City,['Papanui Ward']
2026-04-01,318900,ALL,ALL,15,246,15,523.0,0.2459,Christchurch City,['Waimairi Ward']
2026-04-01,319000,ALL,ALL,18,288,12,589.0,0.1404,Christchurch City,['Harewood Ward']
2026-04-01,319200,ALL,ALL,12,234,12,677.0,0.1954,Christchurch City,['Waimairi Ward']
2026-04-01,319300,ALL,ALL,33,444,39,462.0,0.5638,Christchurch City,['Hornby Ward']
2026-04-01,319400,ALL,ALL,24,270,18,531.0,0.5682,Christchurch City,['Papanui Ward']
2026-04-01,319500,ALL,ALL,24,255,24,553.0,0.5106,Christchurch City,['Waimairi Ward']
2026-04-01,319600,ALL,ALL,27,483,21,475.0,0.5631,Christchurch City,['Papanui Ward']
2026-04-01,319700,ALL,ALL,21,423,27,532.0,0.2211,Christchurch City,['Waimairi Ward']
2026-04-01,319800,ALL,ALL,27,273,21,436.0,0.5232,Christchurch City,['Hornby Ward']
2026-04-01,319900,ALL,ALL,18,150,21,736.0,0.0591,Christchurch City,"['Fendalton Ward', 'Papanui Ward']"
2026-04-01,320100,ALL,ALL,27,315,15,588.0,0.5688,Christchurch City,['Papanui Ward']
2026-04-01,320200,ALL,ALL,15,114,12,682.0,0.3917,Christchurch City,"['Waimairi Ward', 'Fendalton Ward']"
2026-04-01,320300,ALL,ALL,33,276,27,325.0,0.6036,Christchurch City,['Hornby Ward']
2026-04-01,320500,ALL,ALL,42,714,30,350.0,0.5998,Christchurch City,['Papanui Ward']
2026-04-01,320600,ALL,ALL,24,297,24,394.0,0.5008,Christchurch City,['Fendalton Ward']
2026-04-01,320700,ALL,ALL,30,273,27,638.0,0.1725,Christchurch City,['Riccarton Ward']
2026-04-01,320800,ALL,ALL,33,270,24,567.0,0.441,Christchurch City,"['Fendalton Ward', 'Papanui Ward']"
2026-04-01,320900,ALL,ALL,6,42,9,565.0,0.0966,Christchurch City,['Papanui Ward']
2026-04-01,321000,ALL,ALL,12,231,12,746.0,0.386,Christchurch City,"['Hornby Ward', 'Riccarton Ward']"
2026-04-01,321100,ALL,ALL,6,117,12,644.0,0.1769,Christchurch City,['Hornby Ward']
2026-04-01,321200,ALL,ALL,9,120,12,802.0,0.4402,Christchurch City,['Riccarton Ward']
2026-04-01,321300,ALL,ALL,24,528,27,427.0,0.6219,Christchurch City,"['Burwood Ward', 'Innes Ward']"
2026-04-01,321400,ALL,ALL,6,99,6,733.0,0.0834,Christchurch City,['Fendalton Ward']
2026-04-01,321500,ALL,ALL,24,96,9,650.0,0.3923,Christchurch City,['Fendalton Ward']
2026-04-01,321700,ALL,ALL,60,645,66,614.0,0.2356,Christchurch City,['Innes Ward']
2026-04-01,321800,ALL,ALL,30,321,27,611.0,0.136,Christchurch City,['Riccarton Ward']
2026-04-01,321900,ALL,ALL,24,261,18,536.0,0.4868,Christchurch City,['Halswell Ward']
2026-04-01,322100,ALL,ALL,57,894,78,481.0,0.378,Christchurch City,"['Innes Ward', 'Papanui Ward']"
2026-04-01,322200,ALL,ALL,15,276,15,522.0,0.3713,Christchurch City,"['Papanui Ward', 'Fendalton Ward']"
2026-04-01,322300,ALL,ALL,12,132,9,707.0,0.1174,Christchurch City,"['Riccarton Ward', 'Halswell Ward']"
2026-04-01,322400,ALL,ALL,9,135,12,558.0,0.0971,Christchurch City,"['Riccarton Ward', 'Fendalton Ward']"
2026-04-01,322500,ALL,ALL,63,573,42,437.0,0.6211,Christchurch City,['Halswell Ward']
2026-04-01,322600,ALL,ALL,60,711,51,531.0,0.4117,Christchurch City,['Fendalton Ward']
2026-04-01,322700,ALL,ALL,12,198,15,478.0,0.6505,Christchurch City,['Riccarton Ward']
2026-04-01,322800,ALL,ALL,9,63,3,767.0,0.2013,Christchurch City,['Halswell Ward']
2026-04-01,322900,ALL,ALL,9,147,9,572.0,0.3762,Christchurch City,['Halswell Ward']
2026-04-01,323000,ALL,ALL,78,969,54,511.0,0.3558,Christchurch City,['Fendalton Ward']
2026-04-01,323100,ALL,ALL,24,363,27,712.0,0.1652,Christchurch City,['Innes Ward']
2026-04-01,323200,ALL,ALL,9,189,9,516.0,0.5999,Christchurch City,['Riccarton Ward']
2026-04-01,323300,ALL,ALL,78,981,99,516.0,0.3535,Christchurch City,['Riccarton Ward']
2026-04-01,323400,ALL,ALL,12,297,18,601.0,0.1141,Christchurch City,['Innes Ward']
2026-04-01,323600,ALL,ALL,21,261,15,525.0,0.4354,Christchurch City,['Halswell Ward']
2026-04-01,323700,ALL,ALL,24,279,30,620.0,0.2194,Christchurch City,['Coastal Ward']
2026-04-01,323800,ALL,ALL,108,1425,102,513.0,0.2592,Christchurch City,['Innes Ward']
2026-04-01,323900,ALL,ALL,12,117,12,787.0,0.1672,Christchurch City,"['Central Ward', 'Fendalton Ward']"
2026-04-01,324000,ALL,ALL,15,210,6,601.0,0.1543,Christchurch City,['Burwood Ward']
2026-04-01,324100,ALL,ALL,54,441,60,476.0,0.3865,Christchurch City,['Halswell Ward']
2026-04-01,324300,ALL,ALL,105,1131,102,438.0,0.4639,Christchurch City,['Halswell Ward']
2026-04-01,324400,ALL,ALL,21,342,15,539.0,0.2668,Christchurch City,['Riccarton Ward']
2026-04-01,324500,ALL,ALL,75,861,72,351.0,0.574,Christchurch City,['Halswell Ward']
2026-04-01,324600,ALL,ALL,6,246,18,661.0,0.0784,Christchurch City,['Burwood Ward']
2026-04-01,324800,ALL,ALL,9,69,6,549.0,0.0893,Christchurch City,"['Central Ward', 'Innes Ward']"
2026-04-01,325000,ALL,ALL,18,291,24,489.0,0.1761,Christchurch City,"['Halswell Ward', 'Spreydon Ward']"
2026-04-01,325100,ALL,ALL,6,42,3,515.0,0.1141,Christchurch City,['Coastal Ward']
2026-04-01,325200,ALL,ALL,6,171,9,368.0,0.8439,Christchurch City,['Riccarton Ward']
2026-04-01,325300,ALL,ALL,63,810,69,422.0,0.4262,Christchurch City,"['Central Ward', 'Innes Ward']"
2026-04-01,325400,ALL,ALL,66,552,45,566.0,0.0893,Christchurch City,['Halswell Ward']
2026-04-01,325600,ALL,ALL,141,987,111,466.0,0.3682,Christchurch City,['Burwood Ward']
2026-04-01,325700,ALL,ALL,42,276,30,521.0,0.419,Christchurch City,['Central Ward']
2026-04-01,325800,ALL,ALL,21,288,21,523.0,0.2206,Christchurch City,['Central Ward']
2026-04-01,325900,ALL,ALL,21,180,12,743.0,0.1002,Christchurch City,"['Innes Ward', 'Central Ward']"
2026-04-01,326100,ALL,ALL,69,873,63,488.0,0.3723,Christchurch City,['Spreydon Ward']
2026-04-01,326300,ALL,ALL,9,159,9,568.0,0.1021,Christchurch City,['Halswell Ward']
2026-04-01,326400,ALL,ALL,72,738,63,507.0,0.4485,Christchurch City,"['Spreydon Ward', 'Central Ward']"
2026-04-01,326500,ALL,ALL,18,228,18,557.0,0.2718,Christchurch City,['Burwood Ward']
2026-04-01,326600,ALL,ALL,12,198,39,255.0,0.6857,Christchurch City,['Central Ward']
2026-04-01,326700,ALL,ALL,144,1692,141,412.0,0.405,Christchurch City,['Spreydon Ward']
2026-04-01,326800,ALL,ALL,9,150,9,481.0,0.6283,Christchurch City,['Central Ward']
2026-04-01,326900,ALL,ALL,9,105,9,478.0,0.0635,Christchurch City,['Spreydon Ward']
2026-04-01,327000,ALL,ALL,51,357,33,526.0,0.3451,Christchurch City,['Central Ward']
2026-04-01,327100,ALL,ALL,15,276,24,403.0,0.7056,Christchurch City,['Central Ward']
2026-04-01,327200,ALL,ALL,12,243,12,467.0,0.4784,Christchurch City,['Coastal Ward']
2026-04-01,327300,ALL,ALL,51,459,42,523.0,0.1103,Christchurch City,['Halswell Ward']
2026-04-01,327400,ALL,ALL,15,222,12,452.0,0.5391,Christchurch City,"['Central Ward', 'Spreydon Ward']"
2026-04-01,327500,ALL,ALL,12,336,21,379.0,0.6596,Christchurch City,['Burwood Ward']
2026-04-01,327600,ALL,ALL,81,1116,78,404.0,0.4942,Christchurch City,['Spreydon Ward']
2026-04-01,327700,ALL,ALL,15,237,18,716.0,0.1157,Christchurch City,"['Spreydon Ward', 'Halswell Ward']"
2026-04-01,327800,ALL,ALL,48,486,33,518.0,0.4488,Christchurch City,"['Linwood Ward', 'Central Ward']"
2026-04-01,327900,ALL,ALL,21,270,21,514.0,0.6437,Christchurch City,"['Central Ward', 'Linwood Ward']"
2026-04-01,328000,ALL,ALL,18,189,15,371.0,0.6249,Christchurch City,['Halswell Ward']
2026-04-01,328100,ALL,ALL,51,585,45,394.0,0.5903,Christchurch City,['Central Ward']
2026-04-01,328200,ALL,ALL,9,138,6,655.0,0.0816,Christchurch City,['Spreydon Ward']
2026-04-01,328300,ALL,ALL,42,399,24,484.0,0.2355,Christchurch City,['Coastal Ward']
2026-04-01,328400,ALL,ALL,27,576,30,517.0,0.2052,Christchurch City,"['Burwood Ward', 'Linwood Ward']"
2026-04-01,328500,ALL,ALL,6,138,9,338.0,0.6852,Christchurch City,"['Central Ward', 'Linwood Ward']"
2026-04-01,328600,ALL,ALL,42,639,54,420.0,0.3851,Christchurch City,['Burwood Ward']
2026-04-01,328700,ALL,ALL,9,66,9,837.0,0.3869,Christchurch City,['Heathcote Ward']
2026-04-01,328900,ALL,ALL,36,369,24,382.0,0.5476,Christchurch City,"['Linwood Ward', 'Central Ward']"
2026-04-01,329000,ALL,ALL,45,480,39,518.0,0.1954,Christchurch City,['Halswell Ward']
2026-04-01,329100,ALL,ALL,9,141,9,716.0,0.3554,Christchurch City,['Cashmere Ward']
2026-04-01,329200,ALL,ALL,6,138,12,554.0,0.1375,Christchurch City,"['Cashmere Ward', 'Spreydon Ward']"
2026-04-01,329300,ALL,ALL,18,258,15,475.0,0.2152,Christchurch City,['Linwood Ward']
2026-04-01,329400,ALL,ALL,12,135,12,564.0,0.3364,Christchurch City,['Heathcote Ward']
2026-04-01,329500,ALL,ALL,12,162,12,506.0,0.7311,Christchurch City,"['Cashmere Ward', 'Spreydon Ward']"
2026-04-01,329600,ALL,ALL,9,111,6,419.0,0.8315,Christchurch City,['Linwood Ward']
2026-04-01,329700,ALL,ALL,12,108,3,555.0,0.1237,Christchurch City,['Heathcote Ward']
2026-04-01,329800,ALL,ALL,18,339,18,430.0,0.6097,Christchurch City,['Burwood Ward']
2026-04-01,329900,ALL,ALL,9,108,6,602.0,0.2599,Christchurch City,['Heathcote Ward']
2026-04-01,330000,ALL,ALL,12,156,9,669.0,0.183,Christchurch City,"['Halswell Ward', 'Cashmere Ward']"
2026-04-01,330100,ALL,ALL,15,162,6,268.0,0.9493,Christchurch City,['Linwood Ward']
2026-04-01,330200,ALL,ALL,15,210,9,561.0,0.48,Christchurch City,['Coastal Ward']
2026-04-01,330300,ALL,ALL,6,114,9,685.0,0.1509,Christchurch City,['Cashmere Ward']
2026-04-01,330400,ALL,ALL,15,153,15,689.0,0.3588,Christchurch City,['Linwood Ward']
2026-04-01,330500,ALL,ALL,9,153,6,722.0,0.3758,Christchurch City,['Linwood Ward']
2026-04-01,330600,ALL,ALL,18,90,9,752.0,0.3222,Christchurch City,['Cashmere Ward']
2026-04-01,330800,ALL,ALL,24,231,15,496.0,0.4616,Christchurch City,['Cashmere Ward']
2026-04-01,330900,ALL,ALL,27,258,27,619.0,0.4137,Christchurch City,['Heathcote Ward']
2026-04-01,331000,ALL,ALL,6,36,6,572.0,0.1652,Christchurch City,['Linwood Ward']
2026-04-01,331100,ALL,ALL,15,129,9,603.0,0.1734,Christchurch City,"['Linwood Ward', 'Heathcote Ward']"
2026-04-01,331200,ALL,ALL,6,60,6,570.0,0.4194,Christchurch City,['Cashmere Ward']
2026-04-01,331300,ALL,ALL,18,159,12,619.0,0.0865,Christchurch City,['Cashmere Ward']
2026-04-01,331400,ALL,ALL,9,60,9,646.0,0.1958,Christchurch City,"['Heathcote Ward', 'Cashmere Ward']"
2026-04-01,331700,ALL,ALL,9,165,15,547.0,0.321,Christchurch City,['Coastal Ward']
2026-04-01,331900,ALL,ALL,15,165,12,606.0,0.3036,Christchurch City,['Heathcote Ward']
2026-04-01,332000,ALL,ALL,87,369,27,628.0,0.0965,Christchurch City,['Heathcote Ward']
2026-04-01,332100,ALL,ALL,6,63,6,510.0,0.2284,Christchurch City,['Heathcote Ward']
2026-04-01,332400,ALL,ALL,123,975,78,617.0,0.1573,Christchurch City,['Heathcote Ward']
2026-04-01,332500,ALL,ALL,6,48,0,617.0,0.8547,Christchurch City,['Banks Peninsula Ward']
2026-04-01,332700,ALL,ALL,15,81,6,695.0,0.2116,Christchurch City,['Heathcote Ward']
2026-04-01,321200,ALL,5+,12,171,6,393.0,0.1797,Christchurch City,['Riccarton Ward']
2026-04-01,325700,Apartment,1,27,261,21,555.0,0.3248,Christchurch City,['Central Ward']
2026-04-01,327000,Apartment,1,24,321,42,635.0,0.3424,Christchurch City,['Central Ward']
2026-04-01,327900,Apartment,1,6,42,9,610.0,0.0344,Christchurch City,"['Central Ward', 'Linwood Ward']"
2026-04-01,323800,Apartment,2,6,54,12,323.0,0.3861,Christchurch City,['Innes Ward']
2026-04-01,323900,Apartment,2,6,36,6,340.0,0.017,Christchurch City,"['Central Ward', 'Fendalton Ward']"
2026-04-01,325300,Apartment,2,6,141,30,345.0,0.7643,Christchurch City,"['Central Ward', 'Innes Ward']"
2026-04-01,325700,Apartment,2,9,21,9,294.0,0.0711,Christchurch City,['Central Ward']
2026-04-01,325800,Apartment,2,9,60,6,693.0,0.0959,Christchurch City,['Central Ward']
2026-04-01,326800,Apartment,2,6,72,3,424.0,0.714,Christchurch City,['Central Ward']
2026-04-01,327000,Apartment,2,6,12,3,870.0,0.2938,Christchurch City,['Central Ward']
2026-04-01,327900,Apartment,2,6,3,0,660.0,0.0261,Christchurch City,"['Central Ward', 'Linwood Ward']"
2026-04-01,328200,Apartment,2,6,39,3,620.0,0.2625,Christchurch City,['Spreydon Ward']
2026-04-01,323000,Apartment,ALL,6,9,0,233.0,0.1481,Christchurch City,['Fendalton Ward']
2026-04-01,323800,Apartment,ALL,6,51,24,269.0,0.0907,Christchurch City,['Innes Ward']
2026-04-01,323900,Apartment,ALL,6,6,0,201.0,0.0508,Christchurch City,"['Central Ward', 'Fendalton Ward']"
2026-04-01,324800,Apartment,ALL,12,99,0,316.0,0.1632,Christchurch City,"['Central Ward', 'Innes Ward']"
2026-04-01,325200,Apartment,ALL,6,69,0,403.0,0.0199,Christchurch City,['Riccarton Ward']
2026-04-01,325300,Apartment,ALL,27,105,33,498.0,0.0714,Christchurch City,"['Central Ward', 'Innes Ward']"
2026-04-01,325700,Apartment,ALL,6,6,0,337.0,0.0771,Christchurch City,['Central Ward']
2026-04-01,325800,Apartment,ALL,6,48,9,218.0,0.4474,Christchurch City,['Central Ward']
2026-04-01,326100,Apartment,ALL,6,36,0,305.0,0.1133,Christchurch City,['Spreydon Ward']
2026-04-01,327000,Apartment,ALL,6,12,0,272.0,0.1682,Christchurch City,['Central Ward']
2026-04-01,327100,Apartment,ALL,6,6,0,449.0,0.0587,Christchurch City,['Central Ward']
2026-04-01,327900,Apartment,ALL,15,15,0,374.0,0.0971,Christchurch City,"['Central Ward', 'Linwood Ward']"
2026-04-01,328200,Apartment,ALL,12,30,0,280.0,0.0,Christchurch City,['Spreydon Ward']
2026-04-01,319400,Boarding House,1,6,15,3,241.0,0.2914,Christchurch City,['Papanui Ward']
2026-04-01,321900,Boarding House,1,6,18,9,316.0,0.391,Christchurch City,['Halswell Ward']
2026-04-01,323300,Boarding House,1,9,12,3,333.0,0.0479,Christchurch City,['Riccarton Ward']
2026-04-01,326100,Boarding House,1,15,39,12,384.0,0.0268,Christchurch City,['Spreydon Ward']
2026-04-01,327000,Boarding House,1,30,93,24,361.0,0.0244,Christchurch City,['Central Ward']
2026-04-01,319400,Boarding House,ALL,6,81,3,144.0,0.6383,Christchurch City,['Papanui Ward']
2026-04-01,321900,Boarding House,ALL,6,78,30,140.0,0.3715,Christchurch City,['Halswell Ward']
2026-04-01,323300,Boarding House,ALL,6,177,9,218.0,0.6555,Christchurch City,['Riccarton Ward']
2026-04-01,326100,Boarding House,ALL,6,75,6,164.0,0.6509,Christchurch City,['Spreydon Ward']
2026-04-01,327000,Boarding House,ALL,9,126,9,123.0,0.4015,Christchurch City,['Central Ward']
2026-04-01,318800,Flat,1,6,36,3,346.0,0.7191,Christchurch City,['Papanui Ward']
2026-04-01,321800,Flat,1,6,30,3,516.0,0.1744,Christchurch City,['Riccarton Ward']
2026-04-01,323800,Flat,1,6,42,3,563.0,0.1061,Christchurch City,['Innes Ward']
2026-04-01,325800,Flat,1,6,72,9,599.0,0.0836,Christchurch City,['Central Ward']
2026-04-01,326100,Flat,1,6,57,3,446.0,0.0781,Christchurch City,['Spreydon Ward']
2026-04-01,327000,Flat,1,6,51,9,548.0,0.2008,Christchurch City,['Central Ward']
2026-04-01,327600,Flat,1,6,183,12,581.0,0.133,Christchurch City,['Spreydon Ward']
2026-04-01,327800,Flat,1,6,51,18,265.0,0.3211,Christchurch City,"['Linwood Ward', 'Central Ward']"
2026-04-01,327900,Flat,1,6,102,12,447.0,0.1437,Christchurch City,"['Central Ward', 'Linwood Ward']"
2026-04-01,328700,Flat,1,6,75,6,385.0,0.2849,Christchurch City,['Heathcote Ward']
2026-04-01,328900,Flat,1,6,138,6,550.0,0.1522,Christchurch City,"['Linwood Ward', 'Central Ward']"
2026-04-01,329400,Flat,1,6,99,3,520.0,0.0665,Christchurch City,['Heathcote Ward']
2026-04-01,329900,Flat,1,15,285,21,452.0,0.2439,Christchurch City,['Heathcote Ward']
2026-04-01,331400,Flat,1,6,123,12,511.0,0.1141,Christchurch City,"['Heathcote Ward', 'Cashmere Ward']"
2026-04-01,323900,Flat,2,6,81,6,435.0,0.1697,Christchurch City,"['Central Ward', 'Fendalton Ward']"
2026-04-01,325300,Flat,2,6,114,9,491.0,0.2868,Christchurch City,"['Central Ward', 'Innes Ward']"
2026-04-01,326800,Flat,2,6,135,12,427.0,0.2154,Christchurch City,['Central Ward']
2026-04-01,327900,Flat,2,6,141,9,439.0,0.1791,Christchurch City,"['Central Ward', 'Linwood Ward']"
2026-04-01,328900,Flat,2,6,30,6,537.0,0.1039,Christchurch City,"['Linwood Ward', 'Central Ward']"
2026-04-01,329400,Flat,2,6,42,3,378.0,0.3009,Christchurch City,['Heathcote Ward']
2026-04-01,318800,Flat,ALL,18,45,0,501.0,0.2525,Christchurch City,['Papanui Ward']
2026-04-01,321800,Flat,ALL,9,12,0,529.0,0.2513,Christchurch City,['Riccarton Ward']
2026-04-01,323300,Flat,ALL,9,24,3,553.0,0.184,Christchurch City,['Riccarton Ward']
2026-04-01,323800,Flat,ALL,6,18,3,535.0,0.1498,Christchurch City,['Innes Ward']
2026-04-01,323900,Flat,ALL,12,51,3,315.0,0.3445,Christchurch City,"['Central Ward', 'Fendalton Ward']"
2026-04-01,325800,Flat,ALL,9,30,0,533.0,0.1676,Christchurch City,['Central Ward']
2026-04-01,326100,Flat,ALL,6,27,3,513.0,0.192,Christchurch City,['Spreydon Ward']
2026-04-01,326800,Flat,ALL,18,33,3,583.0,0.1155,Christchurch City,['Central Ward']
2026-04-01,327000,Flat,ALL,12,42,0,661.0,0.0835,Christchurch City,['Central Ward']
2026-04-01,327400,Flat,ALL,9,33,3,604.0,0.1859,Christchurch City,"['Central Ward', 'Spreydon Ward']"
2026-04-01,327600,Flat,ALL,30,99,3,456.0,0.3714,Christchurch City,['Spreydon Ward']
2026-04-01,327800,Flat,ALL,6,18,3,553.0,0.1946,Christchurch City,"['Linwood Ward', 'Central Ward']"
2026-04-01,327900,Flat,ALL,6,12,3,517.0,0.2948,Christchurch City,"['Central Ward', 'Linwood Ward']"
2026-04-01,328700,Flat,ALL,6,15,0,577.0,0.1967,Christchurch City,['Heathcote Ward']
2026-04-01,328900,Flat,ALL,18,36,3,690.0,0.1267,Christchurch City,"['Linwood Ward', 'Central Ward']"
2026-04-01,329200,Flat,ALL,6,9,0,471.0,0.1393,Christchurch City,"['Cashmere Ward', 'Spreydon Ward']"
2026-04-01,329400,Flat,ALL,6,18,0,650.0,0.2868,Christchurch City,['Heathcote Ward']
2026-04-01,329900,Flat,ALL,6,9,3,676.0,0.0653,Christchurch City,['Heathcote Ward']
2026-04-01,330100,Flat,ALL,6,15,0,671.0,0.1188,Christchurch City,['Linwood Ward']
2026-04-01,331400,Flat,ALL,6,24,0,697.0,0.1615,Christchurch City,"['Heathcote Ward', 'Cashmere Ward']"
2026-04-01,316600,House,1,6,15,0,597.0,0.1309,Christchurch City,"['Hornby Ward', 'Harewood Ward']"
2026-04-01,316800,House,1,9,18,3,597.0,0.1944,Christchurch City,['Harewood Ward']
2026-04-01,316900,House,1,42,135,3,567.0,0.1889,Christchurch City,['Harewood Ward']
2026-04-01,317300,House,1,15,45,0,706.0,0.1919,Christchurch City,['Innes Ward']
2026-04-01,317400,House,1,6,27,3,595.0,0.1995,Christchurch City,['Harewood Ward']
2026-04-01,317700,House,1,48,120,3,483.0,0.3017,Christchurch City,['Waimairi Ward']
2026-04-01,317800,House,1,6,21,0,595.0,0.0988,Christchurch City,['Harewood Ward']
2026-04-01,317900,House,1,9,18,0,573.0,0.1308,Christchurch City,"['Papanui Ward', 'Harewood Ward']"
2026-04-01,318000,House,1,9,30,0,633.0,0.187,Christchurch City,['Harewood Ward']
2026-04-01,318100,House,1,63,198,9,505.0,0.2157,Christchurch City,['Hornby Ward']
2026-04-01,318300,House,1,9,12,0,770.0,0.1606,Christchurch City,['Waimairi Ward']
2026-04-01,318400,House,1,30,60,0,493.0,0.1867,Christchurch City,"['Innes Ward', 'Papanui Ward']"
2026-04-01,319000,House,1,57,216,12,452.0,0.3791,Christchurch City,['Harewood Ward']
2026-04-01,319200,House,1,12,39,0,545.0,0.236,Christchurch City,['Waimairi Ward']
2026-04-01,319300,House,1,33,105,3,491.0,0.3185,Christchurch City,['Hornby Ward']
2026-04-01,319500,House,1,9,24,0,657.0,0.0827,Christchurch City,['Waimairi Ward']
2026-04-01,319600,House,1,6,21,3,534.0,0.0546,Christchurch City,['Papanui Ward']
2026-04-01,319800,House,1,12,36,0,470.0,0.1834,Christchurch City,['Hornby Ward']
2026-04-01,319900,House,1,24,93,3,450.0,0.3784,Christchurch City,"['Fendalton Ward', 'Papanui Ward']"
2026-04-01,320100,House,1,45,111,0,566.0,0.0878,Christchurch City,['Papanui Ward']
2026-04-01,320200,House,1,84,198,9,496.0,0.2537,Christchurch City,"['Waimairi Ward', 'Fendalton Ward']"
2026-04-01,320300,House,1,24,72,6,508.0,0.1221,Christchurch City,['Hornby Ward']
2026-04-01,320500,House,1,12,42,0,509.0,0.2718,Christchurch City,['Papanui Ward']
2026-04-01,320600,House,1,12,36,3,727.0,0.0322,Christchurch City,['Fendalton Ward']
2026-04-01,320700,House,1,36,111,6,524.0,0.1371,Christchurch City,['Riccarton Ward']
2026-04-01,320800,House,1,6,15,0,585.0,0.0784,Christchurch City,"['Fendalton Ward', 'Papanui Ward']"
2026-04-01,320900,House,1,39,120,9,571.0,0.141,Christchurch City,['Papanui Ward']
2026-04-01,321000,House,1,87,231,27,411.0,0.4025,Christchurch City,"['Hornby Ward', 'Riccarton Ward']"
2026-04-01,321100,House,1,6,24,3,482.0,0.0648,Christchurch City,['Hornby Ward']
2026-04-01,321200,House,1,24,75,3,570.0,0.1114,Christchurch City,['Riccarton Ward']
2026-04-01,321300,House,1,9,15,0,545.0,0.1478,Christchurch City,"['Burwood Ward', 'Innes Ward']"
2026-04-01,321400,House,1,36,90,3,523.0,0.1105,Christchurch City,['Fendalton Ward']
2026-04-01,321500,House,1,6,36,3,480.0,0.1535,Christchurch City,['Fendalton Ward']
2026-04-01,321700,House,1,45,144,6,492.0,0.1353,Christchurch City,['Innes Ward']
2026-04-01,321800,House,1,9,45,0,700.0,0.0721,Christchurch City,['Riccarton Ward']
2026-04-01,322100,House,1,18,57,0,519.0,0.4224,Christchurch City,"['Innes Ward', 'Papanui Ward']"
2026-04-01,322200,House,1,6,27,3,557.0,0.1417,Christchurch City,"['Papanui Ward', 'Fendalton Ward']"
2026-04-01,322500,House,1,6,21,0,459.0,0.2525,Christchurch City,['Halswell Ward']
2026-04-01,322600,House,1,18,66,6,520.0,0.1351,Christchurch City,['Fendalton Ward']
2026-04-01,322700,House,1,6,9,3,648.0,0.0709,Christchurch City,['Riccarton Ward']
2026-04-01,322900,House,1,24,66,3,501.0,0.1593,Christchurch City,['Halswell Ward']
2026-04-01,323000,House,1,18,63,0,491.0,0.2391,Christchurch City,['Fendalton Ward']
2026-04-01,323100,House,1,18,90,3,479.0,0.1581,Christchurch City,['Innes Ward']
2026-04-01,323200,House,1,21,42,3,427.0,0.4019,Christchurch City,['Riccarton Ward']
2026-04-01,323300,House,1,24,84,6,523.0,0.1305,Christchurch City,['Riccarton Ward']
2026-04-01,323400,House,1,9,30,3,508.0,0.0647,Christchurch City,['Innes Ward']
2026-04-01,323800,House,1,6,21,0,555.0,0.259,Christchurch City,['Innes Ward']
2026-04-01,323900,House,1,6,30,0,543.0,0.1416,Christchurch City,"['Central Ward', 'Fendalton Ward']"
2026-04-01,324000,House,1,9,18,3,657.0,0.1767,Christchurch City,['Burwood Ward']
2026-04-01,324300,House,1,9,18,3,581.0,0.6241,Christchurch City,['Halswell Ward']
2026-04-01,324400,House,1,12,15,3,659.0,0.1626,Christchurch City,['Riccarton Ward']
2026-04-01,324500,House,1,6,9,0,775.0,0.2981,Christchurch City,['Halswell Ward']
2026-04-01,324600,House,1,9,24,3,577.0,0.2393,Christchurch City,['Burwood Ward']
2026-04-01,324800,House,1,6,24,0,511.0,0.4219,Christchurch City,"['Central Ward', 'Innes Ward']"
2026-04-01,325000,House,1,6,9,0,625.0,0.2288,Christchurch City,"['Halswell Ward', 'Spreydon Ward']"
2026-04-01,325100,House,1,6,24,0,618.0,0.0972,Christchurch City,['Coastal Ward']
2026-04-01,325200,House,1,6,15,0,661.0,0.2032,Christchurch City,['Riccarton Ward']
2026-04-01,325300,House,1,12,24,0,668.0,0.0762,Christchurch City,"['Central Ward', 'Innes Ward']"
2026-04-01,325400,House,1,63,129,3,627.0,0.1053,Christchurch City,['Halswell Ward']
2026-04-01,325700,House,1,6,9,0,533.0,0.0989,Christchurch City,['Central Ward']
2026-04-01,325800,House,1,84,255,9,625.0,0.113,Christchurch City,['Central Ward']
2026-04-01,325900,House,1,9,12,3,708.0,0.2577,Christchurch City,"['Innes Ward', 'Central Ward']"
2026-04-01,326100,House,1,9,21,0,680.0,0.0925,Christchurch City,['Spreydon Ward']
2026-04-01,326300,House,1,21,51,3,593.0,0.2924,Christchurch City,['Halswell Ward']
2026-04-01,326400,House,1,24,66,0,660.0,0.1122,Christchurch City,"['Spreydon Ward', 'Central Ward']"
2026-04-01,326500,House,1,6,18,0,498.0,0.3583,Christchurch City,['Burwood Ward']
2026-04-01,326800,House,1,6,18,0,561.0,0.2393,Christchurch City,['Central Ward']
2026-04-01,326900,House,1,6,12,0,524.0,0.1413,Christchurch City,['Spreydon Ward']
2026-04-01,327000,House,1,9,24,3,498.0,0.0662,Christchurch City,['Central Ward']
2026-04-01,327100,House,1,12,30,0,476.0,0.1846,Christchurch City,['Central Ward']
2026-04-01,327200,House,1,12,30,0,446.0,0.0657,Christchurch City,['Coastal Ward']
2026-04-01,327300,House,1,12,27,3,521.0,0.1145,Christchurch City,['Halswell Ward']
2026-04-01,327400,House,1,15,45,0,485.0,0.1753,Christchurch City,"['Central Ward', 'Spreydon Ward']"
2026-04-01,327500,House,1,12,24,0,481.0,0.2072,Christchurch City,['Burwood Ward']
2026-04-01,327600,House,1,6,15,0,501.0,0.1411,Christchurch City,['Spreydon Ward']
2026-04-01,327900,House,1,6,15,3,522.0,0.1794,Christchurch City,"['Central Ward', 'Linwood Ward']"
2026-04-01,328100,House,1,12,27,3,442.0,0.207,Christchurch City,['Central Ward']
2026-04-01,328200,House,1,12,36,3,443.0,0.2177,Christchurch City,['Spreydon Ward']
2026-04-01,328300,House,1,12,33,0,415.0,0.1934,Christchurch City,['Coastal Ward']
2026-04-01,328500,House,1,12,30,3,491.0,0.1532,Christchurch City,"['Central Ward', 'Linwood Ward']"
2026-04-01,328700,House,1,9,15,3,455.0,0.1692,Christchurch City,['Heathcote Ward']
2026-04-01,328900,House,1,12,24,3,490.0,0.178,Christchurch City,"['Linwood Ward', 'Central Ward']"
2026-04-01,329000,House,1,6,6,0,359.0,0.2547,Christchurch City,['Halswell Ward']
2026-04-01,329100,House,1,9,18,0,326.0,0.4172,Christchurch City,['Cashmere Ward']
2026-04-01,329200,House,1,6,15,3,496.0,0.1028,Christchurch City,"['Cashmere Ward', 'Spreydon Ward']"
2026-04-01,329300,House,1,6,24,0,428.0,0.1454,Christchurch City,['Linwood Ward']
2026-04-01,329400,House,1,6,24,0,477.0,0.2877,Christchurch City,['Heathcote Ward']
2026-04-01,329500,House,1,9,15,0,485.0,0.0736,Christchurch City,"['Cashmere Ward', 'Spreydon Ward']"
2026-04-01,329600,House,1,9,18,3,805.0,0.4616,Christchurch City,['Linwood Ward']
2026-04-01,329700,House,1,15,36,0,683.0,0.0937,Christchurch City,['Heathcote Ward']
2026-04-01,329900,House,1,12,33,3,617.0,0.2907,Christchurch City,['Heathcote Ward']
2026-04-01,330100,House,1,12,21,3,545.0,0.2154,Christchurch City,['Linwood Ward']
2026-04-01,330200,House,1,12,36,3,608.0,0.1938,Christchurch City,['Coastal Ward']
2026-04-01,330500,House,1,6,24,0,634.0,0.1311,Christchurch City,['Linwood Ward']
2026-04-01,330600,House,1,6,9,3,473.0,0.1848,Christchurch City,['Cashmere Ward']
2026-04-01,331100,House,1,18,27,0,778.0,0.3729,Christchurch City,"['Linwood Ward', 'Heathcote Ward']"
2026-04-01,331300,House,1,21,48,3,848.0,0.4959,Christchurch City,['Cashmere Ward']
2026-04-01,331700,House,1,15,21,3,820.0,0.1777,Christchurch City,['Coastal Ward']
2026-04-01,332000,House,1,9,15,0,776.0,0.4168,Christchurch City,['Heathcote Ward']
2026-04-01,332400,House,1,9,27,0,626.0,0.3328,Christchurch City,['Heathcote Ward']
2026-04-01,332500,House,1,6,24,3,581.0,0.3018,Christchurch City,['Banks Peninsula Ward']
2026-04-01,332700,House,1,6,9,3,877.0,0.1529,Christchurch City,['Heathcote Ward']
2026-04-01,319700,House,2,9,138,9,647.0,0.1095,Christchurch City,['Waimairi Ward']
2026-04-01,319800,House,2,6,117,3,304.0,0.7058,Christchurch City,['Hornby Ward']
2026-04-01,321100,House,2,9,162,12,596.0,0.0435,Christchurch City,['Hornby Ward']
2026-04-01,321400,House,2,6,117,6,611.0,0.0806,Christchurch City,['Fendalton Ward']
2026-04-01,321800,House,2,6,120,6,632.0,0.0604,Christchurch City,['Riccarton Ward']
2026-04-01,322200,House,2,9,159,12,554.0,0.0814,Christchurch City,"['Papanui Ward', 'Fendalton Ward']"
2026-04-01,323000,House,2,6,132,12,643.0,0.0417,Christchurch City,['Fendalton Ward']
2026-04-01,323200,House,2,9,96,6,570.0,0.1279,Christchurch City,['Riccarton Ward']
2026-04-01,323300,House,2,6,90,6,480.0,0.7325,Christchurch City,['Riccarton Ward']
2026-04-01,323800,House,2,6,36,0,695.0,0.1341,Christchurch City,['Innes Ward']
2026-04-01,323900,House,2,6,57,9,644.0,0.0642,Christchurch City,"['Central Ward', 'Fendalton Ward']"
2026-04-01,324400,House,2,6,96,6,628.0,0.093,Christchurch City,['Riccarton Ward']
2026-04-01,324800,House,2,6,24,0,556.0,0.0951,Christchurch City,"['Central Ward', 'Innes Ward']"
2026-04-01,325200,House,2,6,162,6,507.0,0.1371,Christchurch City,['Riccarton Ward']
2026-04-01,325300,House,2,15,78,12,713.0,0.1115,Christchurch City,"['Central Ward', 'Innes Ward']"
2026-04-01,325800,House,2,9,66,3,602.0,0.0879,Christchurch City,['Central Ward']
2026-04-01,326500,House,2,9,99,12,621.0,0.3347,Christchurch City,['Burwood Ward']
2026-04-01,326800,House,2,6,54,6,788.0,0.0995,Christchurch City,['Central Ward']
2026-04-01,326900,House,2,6,78,9,788.0,0.193,Christchurch City,['Spreydon Ward']
2026-04-01,327000,House,2,6,21,3,804.0,0.0646,Christchurch City,['Central Ward']
2026-04-01,327600,House,2,6,63,3,809.0,0.1027,Christchurch City,['Spreydon Ward']
2026-04-01,327700,House,2,9,42,3,760.0,0.0584,Christchurch City,"['Spreydon Ward', 'Halswell Ward']"
2026-04-01,327900,House,2,12,102,9,674.0,0.0763,Christchurch City,"['Central Ward', 'Linwood Ward']"
2026-04-01,328200,House,2,6,48,3,720.0,0.1483,Christchurch City,['Spreydon Ward']
2026-04-01,328500,House,2,6,51,3,705.0,0.3273,Christchurch City,"['Central Ward', 'Linwood Ward']"
2026-04-01,328900,House,2,9,93,15,764.0,0.1989,Christchurch City,"['Linwood Ward', 'Central Ward']"
2026-04-01,329100,House,2,12,84,6,706.0,0.1009,Christchurch City,['Cashmere Ward']
2026-04-01,329400,House,2,6,39,3,594.0,0.1357,Christchurch City,['Heathcote Ward']
2026-04-01,329600,House,2,9,96,9,741.0,0.091,Christchurch City,['Linwood Ward']
2026-04-01,329700,House,2,9,156,9,701.0,0.0275,Christchurch City,['Heathcote Ward']
2026-04-01,329900,House,2,6,99,9,763.0,0.0295,Christchurch City,['Heathcote Ward']
2026-04-01,330100,House,2,6,111,15,724.0,0.0663,Christchurch City,['Linwood Ward']
2026-04-01,330200,House,2,6,135,9,712.0,0.0703,Christchurch City,['Coastal Ward']
2026-04-01,317300,House,3,9,48,3,568.0,0.1331,Christchurch City,['Innes Ward']
2026-04-01,317800,House,3,12,33,0,617.0,0.0295,Christchurch City,['Harewood Ward']
2026-04-01,317900,House,3,18,141,12,610.0,0.0603,Christchurch City,"['Papanui Ward', 'Harewood Ward']"
2026-04-01,318000,House,3,6,18,3,652.0,0.0783,Christchurch City,['Harewood Ward']
2026-04-01,318300,House,3,6,18,3,470.0,0.3057,Christchurch City,['Waimairi Ward']
2026-04-01,319200,House,3,9,69,3,539.0,0.1165,Christchurch City,['Waimairi Ward']
2026-04-01,319500,House,3,6,78,3,502.0,0.0723,Christchurch City,['Waimairi Ward']
2026-04-01,319600,House,3,6,69,6,516.0,0.0722,Christchurch City,['Papanui Ward']
2026-04-01,319700,House,3,6,27,0,402.0,0.4106,Christchurch City,['Waimairi Ward']
2026-04-01,319800,House,3,9,150,15,720.0,0.0917,Christchurch City,['Hornby Ward']
2026-04-01,319900,House,3,15,165,12,700.0,0.1705,Christchurch City,"['Fendalton Ward', 'Papanui Ward']"
2026-04-01,320300,House,3,12,66,9,860.0,0.215,Christchurch City,['Hornby Ward']
2026-04-01,320500,House,3,36,180,15,842.0,0.3734,Christchurch City,['Papanui Ward']
2026-04-01,320700,House,3,12,51,3,901.0,0.1626,Christchurch City,['Riccarton Ward']
2026-04-01,320800,House,3,9,66,6,921.0,0.1236,Christchurch City,"['Fendalton Ward', 'Papanui Ward']"
2026-04-01,320900,House,3,6,48,3,863.0,0.1559,Christchurch City,['Papanui Ward']
2026-04-01,321000,House,3,9,48,9,735.0,0.0751,Christchurch City,"['Hornby Ward', 'Riccarton Ward']"
2026-04-01,321400,House,3,12,42,0,806.0,0.1049,Christchurch City,['Fendalton Ward']
2026-04-01,321700,House,3,6,27,3,836.0,0.7687,Christchurch City,['Innes Ward']
2026-04-01,321800,House,3,9,60,9,515.0,0.759,Christchurch City,['Riccarton Ward']
2026-04-01,321900,House,3,18,144,9,825.0,0.3405,Christchurch City,['Halswell Ward']
2026-04-01,322100,House,3,12,90,9,1184.0,0.4181,Christchurch City,"['Innes Ward', 'Papanui Ward']"
2026-04-01,322600,House,3,6,48,0,1230.0,0.2606,Christchurch City,['Fendalton Ward']
2026-04-01,323000,House,3,9,66,9,627.0,0.6832,Christchurch City,['Fendalton Ward']
2026-04-01,323100,House,3,12,117,6,927.0,0.1992,Christchurch City,['Innes Ward']
2026-04-01,323200,House,3,9,39,3,1159.0,0.1531,Christchurch City,['Riccarton Ward']
2026-04-01,323400,House,3,6,48,3,945.0,0.1067,Christchurch City,['Innes Ward']
2026-04-01,323800,House,3,33,288,30,1073.0,0.1005,Christchurch City,['Innes Ward']
2026-04-01,324400,House,3,6,75,3,633.0,0.0884,Christchurch City,['Riccarton Ward']
2026-04-01,324500,House,3,6,60,3,609.0,0.1073,Christchurch City,['Halswell Ward']
2026-04-01,324800,House,3,6,60,0,653.0,0.0807,Christchurch City,"['Central Ward', 'Innes Ward']"
2026-04-01,325100,House,3,9,168,9,596.0,0.1055,Christchurch City,['Coastal Ward']
2026-04-01,325300,House,3,6,30,3,580.0,0.1845,Christchurch City,"['Central Ward', 'Innes Ward']"
2026-04-01,325600,House,3,6,54,9,676.0,0.1271,Christchurch City,['Burwood Ward']
2026-04-01,325800,House,3,6,69,9,667.0,0.1625,Christchurch City,['Central Ward']
2026-04-01,325900,House,3,6,129,6,438.0,0.4909,Christchurch City,"['Innes Ward', 'Central Ward']"
2026-04-01,326100,House,3,6,51,3,620.0,0.2209,Christchurch City,['Spreydon Ward']
2026-04-01,326800,House,3,6,69,3,618.0,0.1127,Christchurch City,['Central Ward']
2026-04-01,326900,House,3,6,105,9,605.0,0.1157,Christchurch City,['Spreydon Ward']
2026-04-01,327400,House,3,6,51,6,625.0,0.0682,Christchurch City,"['Central Ward', 'Spreydon Ward']"
2026-04-01,327600,House,3,6,75,3,483.0,0.166,Christchurch City,['Spreydon Ward']
2026-04-01,327700,House,3,6,39,3,562.0,0.0454,Christchurch City,"['Spreydon Ward', 'Halswell Ward']"
2026-04-01,328200,House,3,6,138,18,544.0,0.1262,Christchurch City,['Spreydon Ward']
2026-04-01,328600,House,3,6,87,12,567.0,0.0306,Christchurch City,['Burwood Ward']
2026-04-01,328900,House,3,9,147,9,556.0,0.068,Christchurch City,"['Linwood Ward', 'Central Ward']"
2026-04-01,329200,House,3,6,147,18,517.0,0.056,Christchurch City,"['Cashmere Ward', 'Spreydon Ward']"
2026-04-01,329400,House,3,6,99,6,470.0,0.4249,Christchurch City,['Heathcote Ward']
2026-04-01,329500,House,3,6,78,6,324.0,0.6474,Christchurch City,"['Cashmere Ward', 'Spreydon Ward']"
2026-04-01,330200,House,3,6,81,6,535.0,0.0273,Christchurch City,['Coastal Ward']
2026-04-01,330500,House,3,6,27,0,564.0,0.1293,Christchurch City,['Linwood Ward']
2026-04-01,331300,House,3,6,27,0,683.0,0.0859,Christchurch City,['Cashmere Ward']
2026-04-01,331400,House,3,6,27,3,705.0,0.0953,Christchurch City,"['Heathcote Ward', 'Cashmere Ward']"
2026-04-01,332700,House,3,6,33,3,795.0,0.073,Christchurch City,['Heathcote Ward']
2026-04-01,320200,House,4,27,261,18,576.0,0.1314,Christchurch City,"['Waimairi Ward', 'Fendalton Ward']"
2026-04-01,320700,House,4,24,255,18,593.0,0.2405,Christchurch City,['Riccarton Ward']
2026-04-01,321300,House,4,33,300,12,541.0,0.2309,Christchurch City,"['Burwood Ward', 'Innes Ward']"
2026-04-01,322900,House,4,12,57,3,583.0,0.2885,Christchurch City,['Halswell Ward']
2026-04-01,323300,House,4,18,147,12,570.0,0.1825,Christchurch City,['Riccarton Ward']
2026-04-01,324500,House,4,18,261,24,518.0,0.2984,Christchurch City,['Halswell Ward']
2026-04-01,327300,House,4,15,207,12,356.0,0.395,Christchurch City,['Halswell Ward']
2026-04-01,327400,House,4,21,231,18,580.0,0.1924,Christchurch City,"['Central Ward', 'Spreydon Ward']"
2026-04-01,316600,House,ALL,48,342,30,524.0,0.4332,Christchurch City,"['Hornby Ward', 'Harewood Ward']"
2026-04-01,316800,House,ALL,42,360,24,565.0,0.4163,Christchurch City,['Harewood Ward']
2026-04-01,316900,House,ALL,9,171,12,650.0,0.1917,Christchurch City,['Harewood Ward']
2026-04-01,317300,House,ALL,9,60,3,767.0,0.2013,Christchurch City,['Innes Ward']
2026-04-01,317400,House,ALL,12,144,9,632.0,0.1861,Christchurch City,['Harewood Ward']
2026-04-01,317600,House,ALL,66,600,36,562.0,0.2192,Christchurch City,['Harewood Ward']
2026-04-01,317700,House,ALL,24,354,27,712.0,0.1652,Christchurch City,['Waimairi Ward']
2026-04-01,317800,House,ALL,12,144,12,615.0,0.1647,Christchurch City,['Harewood Ward']
2026-04-01,317900,House,ALL,66,552,66,533.0,0.3393,Christchurch City,"['Papanui Ward', 'Harewood Ward']"
2026-04-01,318000,House,ALL,12,231,15,601.0,0.1141,Christchurch City,['Harewood Ward']
2026-04-01,318100,House,ALL,24,231,12,569.0,0.2091,Christchurch City,['Hornby Ward']
2026-04-01,318300,House,ALL,18,174,15,605.0,0.2184,Christchurch City,['Waimairi Ward']
2026-04-01,318400,House,ALL,90,861,66,529.0,0.2132,Christchurch City,"['Innes Ward', 'Papanui Ward']"
2026-04-01,318600,House,ALL,12,114,12,787.0,0.1672,Christchurch City,['Papanui Ward']
2026-04-01,318700,House,ALL,15,198,6,601.0,0.1543,Christchurch City,['Hornby Ward']
2026-04-01,318800,House,ALL,33,180,18,521.0,0.2396,Christchurch City,['Papanui Ward']
2026-04-01,318900,House,ALL,75,531,45,464.0,0.3629,Christchurch City,['Waimairi Ward']
2026-04-01,319000,House,ALL,15,288,15,566.0,0.2354,Christchurch City,['Harewood Ward']
2026-04-01,319200,House,ALL,45,402,36,510.0,0.2823,Christchurch City,['Waimairi Ward']
2026-04-01,319300,House,ALL,6,243,15,661.0,0.0784,Christchurch City,['Hornby Ward']
2026-04-01,319400,House,ALL,9,66,6,549.0,0.0893,Christchurch City,['Papanui Ward']
2026-04-01,319500,House,ALL,15,240,15,487.0,0.1809,Christchurch City,['Waimairi Ward']
2026-04-01,319600,House,ALL,6,126,9,446.0,0.7373,Christchurch City,['Papanui Ward']
2026-04-01,319700,House,ALL,42,474,45,463.0,0.3992,Christchurch City,['Waimairi Ward']
2026-04-01,319800,House,ALL,63,453,33,567.0,0.091,Christchurch City,['Hornby Ward']
2026-04-01,319900,House,ALL,99,507,60,501.0,0.2451,Christchurch City,"['Fendalton Ward', 'Papanui Ward']"
2026-04-01,320100,House,ALL,33,192,18,471.0,0.3953,Christchurch City,['Papanui Ward']
2026-04-01,320200,House,ALL,21,258,18,523.0,0.2206,Christchurch City,"['Waimairi Ward', 'Fendalton Ward']"
2026-04-01,320300,House,ALL,21,177,12,743.0,0.1002,Christchurch City,['Hornby Ward']
2026-04-01,320500,House,ALL,57,579,48,534.0,0.1782,Christchurch City,['Papanui Ward']
2026-04-01,320600,House,ALL,9,150,9,568.0,0.1021,Christchurch City,['Fendalton Ward']
2026-04-01,320700,House,ALL,63,561,51,582.0,0.1474,Christchurch City,['Riccarton Ward']
2026-04-01,320800,House,ALL,18,213,18,557.0,0.2718,Christchurch City,"['Fendalton Ward', 'Papanui Ward']"
2026-04-01,320900,House,ALL,6,105,6,464.0,0.1981,Christchurch City,['Papanui Ward']
2026-04-01,321000,House,ALL,108,804,78,429.0,0.385,Christchurch City,"['Hornby Ward', 'Riccarton Ward']"
2026-04-01,321100,House,ALL,6,126,6,569.0,0.4071,Christchurch City,['Hornby Ward']
2026-04-01,321200,House,ALL,6,51,6,482.0,0.0648,Christchurch City,['Riccarton Ward']
2026-04-01,321300,House,ALL,39,288,33,565.0,0.1287,Christchurch City,"['Burwood Ward', 'Innes Ward']"
2026-04-01,321400,House,ALL,12,204,15,562.0,0.1469,Christchurch City,['Fendalton Ward']
2026-04-01,321500,House,ALL,12,195,9,535.0,0.1971,Christchurch City,['Fendalton Ward']
2026-04-01,321700,House,ALL,48,381,30,525.0,0.1093,Christchurch City,['Innes Ward']
2026-04-01,321800,House,ALL,15,204,12,552.0,0.0978,Christchurch City,['Riccarton Ward']
2026-04-01,321900,House,ALL,12,186,18,530.0,0.226,Christchurch City,['Halswell Ward']
2026-04-01,322000,House,ALL,60,636,48,495.0,0.2012,Christchurch City,['Riccarton Ward']
2026-04-01,322100,House,ALL,15,237,18,716.0,0.1157,Christchurch City,"['Innes Ward', 'Papanui Ward']"
2026-04-01,322200,House,ALL,36,387,30,570.0,0.3294,Christchurch City,"['Papanui Ward', 'Fendalton Ward']"
2026-04-01,322400,House,ALL,15,189,15,663.0,0.2483,Christchurch City,"['Riccarton Ward', 'Fendalton Ward']"
2026-04-01,322500,House,ALL,18,123,12,485.0,0.2389,Christchurch City,['Halswell Ward']
2026-04-01,322600,House,ALL,39,351,30,490.0,0.3688,Christchurch City,['Fendalton Ward']
2026-04-01,322700,House,ALL,9,123,9,655.0,0.0816,Christchurch City,['Riccarton Ward']
2026-04-01,322800,House,ALL,33,252,15,515.0,0.1493,Christchurch City,['Halswell Ward']
2026-04-01,322900,House,ALL,27,348,21,515.0,0.2115,Christchurch City,['Halswell Ward']
2026-04-01,323000,House,ALL,30,399,30,486.0,0.1845,Christchurch City,['Fendalton Ward']
2026-04-01,323100,House,ALL,12,60,12,890.0,0.3454,Christchurch City,['Innes Ward']
2026-04-01,323200,House,ALL,33,288,24,453.0,0.3697,Christchurch City,['Riccarton Ward']
2026-04-01,323300,House,ALL,42,360,36,528.0,0.1521,Christchurch City,['Riccarton Ward']
2026-04-01,323400,House,ALL,9,117,6,716.0,0.3554,Christchurch City,['Innes Ward']
2026-04-01,323600,House,ALL,6,117,6,554.0,0.1375,Christchurch City,['Halswell Ward']
2026-04-01,323700,House,ALL,15,165,9,494.0,0.094,Christchurch City,['Coastal Ward']
2026-04-01,323800,House,ALL,12,111,12,564.0,0.3364,Christchurch City,['Innes Ward']
2026-04-01,323900,House,ALL,12,135,12,666.0,0.2369,Christchurch City,"['Central Ward', 'Fendalton Ward']"
2026-04-01,324000,House,ALL,12,93,6,565.0,0.1256,Christchurch City,['Burwood Ward']
2026-04-01,324100,House,ALL,12,231,15,557.0,0.1166,Christchurch City,['Halswell Ward']
2026-04-01,324300,House,ALL,6,84,6,636.0,0.2167,Christchurch City,['Halswell Ward']
2026-04-01,324400,House,ALL,12,126,9,695.0,0.1631,Christchurch City,['Riccarton Ward']
2026-04-01,324500,House,ALL,6,102,6,509.0,0.7158,Christchurch City,['Halswell Ward']
2026-04-01,324600,House,ALL,15,171,9,563.0,0.512,Christchurch City,['Burwood Ward']
2026-04-01,324800,House,ALL,6,93,3,685.0,0.1509,Christchurch City,"['Central Ward', 'Innes Ward']"
2026-04-01,325000,House,ALL,15,123,9,689.0,0.3588,Christchurch City,"['Halswell Ward', 'Spreydon Ward']"
2026-04-01,325100,House,ALL,6,129,6,745.0,0.3887,Christchurch City,['Coastal Ward']
2026-04-01,325200,House,ALL,15,75,3,836.0,0.2291,Christchurch City,['Riccarton Ward']
2026-04-01,325300,House,ALL,18,177,9,597.0,0.1877,Christchurch City,"['Central Ward', 'Innes Ward']"
2026-04-01,325400,House,ALL,24,186,18,656.0,0.4104,Christchurch City,['Halswell Ward']
2026-04-01,325600,House,ALL,6,36,6,572.0,0.1652,Christchurch City,['Burwood Ward']
2026-04-01,325700,House,ALL,15,120,9,603.0,0.1734,Christchurch City,['Central Ward']
2026-04-01,325800,House,ALL,6,63,6,570.0,0.4194,Christchurch City,['Central Ward']
2026-04-01,325900,House,ALL,18,159,12,619.0,0.0865,Christchurch City,"['Innes Ward', 'Central Ward']"
2026-04-01,326100,House,ALL,9,57,6,646.0,0.1958,Christchurch City,['Spreydon Ward']
2026-04-01,326300,House,ALL,9,156,15,640.0,0.0667,Christchurch City,['Halswell Ward']
2026-04-01,326400,House,ALL,18,153,9,651.0,0.0846,Christchurch City,"['Spreydon Ward', 'Central Ward']"
2026-04-01,326500,House,ALL,87,366,27,628.0,0.0965,Christchurch City,['Burwood Ward']
2026-04-01,326700,House,ALL,6,57,6,510.0,0.2284,Christchurch City,['Spreydon Ward']
2026-04-01,326800,House,ALL,123,963,81,620.0,0.1116,Christchurch City,['Central Ward']
2026-04-01,326900,House,ALL,15,81,6,695.0,0.2116,Christchurch City,['Spreydon Ward']
2026-04-01,327000,House,ALL,6,45,3,578.0,0.1202,Christchurch City,['Central Ward']
2026-04-01,327100,House,ALL,21,66,3,673.0,0.0802,Christchurch City,['Central Ward']
2026-04-01,327200,House,ALL,30,237,21,593.0,0.2643,Christchurch City,['Coastal Ward']
2026-04-01,327300,House,ALL,33,216,18,665.0,0.101,Christchurch City,['Halswell Ward']
2026-04-01,327400,House,ALL,6,21,0,516.0,0.0634,Christchurch City,"['Central Ward', 'Spreydon Ward']"
2026-04-01,327500,House,ALL,6,36,6,484.0,0.4001,Christchurch City,['Burwood Ward']
2026-04-01,327600,House,ALL,9,51,3,384.0,0.3212,Christchurch City,['Spreydon Ward']
2026-04-01,327700,House,ALL,21,138,12,507.0,0.2778,Christchurch City,"['Spreydon Ward', 'Halswell Ward']"
2026-04-01,327800,House,ALL,6,27,6,372.0,0.2691,Christchurch City,"['Linwood Ward', 'Central Ward']"
2026-04-01,327900,House,ALL,6,51,3,566.0,0.236,Christchurch City,"['Central Ward', 'Linwood Ward']"
2026-04-01,328000,House,ALL,9,54,0,567.0,0.2199,Christchurch City,['Halswell Ward']
2026-04-01,328100,House,ALL,9,105,15,471.0,0.1352,Christchurch City,['Central Ward']
2026-04-01,328200,House,ALL,12,150,9,491.0,0.1041,Christchurch City,['Spreydon Ward']
2026-04-01,328300,House,ALL,12,138,15,500.0,0.0684,Christchurch City,['Coastal Ward']
2026-04-01,328400,House,ALL,6,60,3,457.0,0.1776,Christchurch City,"['Burwood Ward', 'Linwood Ward']"
2026-04-01,328500,House,ALL,18,180,9,486.0,0.1807,Christchurch City,"['Central Ward', 'Linwood Ward']"
2026-04-01,328600,House,ALL,15,138,12,452.0,0.0708,Christchurch City,['Burwood Ward']
2026-04-01,328700,House,ALL,15,126,18,522.0,0.1164,Christchurch City,['Heathcote Ward']
2026-04-01,328900,House,ALL,21,213,15,483.0,0.1602,Christchurch City,"['Linwood Ward', 'Central Ward']"
2026-04-01,329000,House,ALL,18,138,15,496.0,0.1967,Christchurch City,['Halswell Ward']
2026-04-01,329100,House,ALL,6,36,6,583.0,0.1429,Christchurch City,['Cashmere Ward']
2026-04-01,329200,House,ALL,15,111,12,453.0,0.1518,Christchurch City,"['Cashmere Ward', 'Spreydon Ward']"
2026-04-01,329300,House,ALL,6,87,6,456.0,0.1728,Christchurch City,['Linwood Ward']
2026-04-01,329400,House,ALL,9,78,9,570.0,0.1374,Christchurch City,['Heathcote Ward']
2026-04-01,329500,House,ALL,6,102,12,526.0,0.123,Christchurch City,"['Cashmere Ward', 'Spreydon Ward']"
2026-04-01,329600,House,ALL,9,87,9,500.0,0.1969,Christchurch City,['Linwood Ward']
2026-04-01,329700,House,ALL,6,117,3,427.0,0.1883,Christchurch City,['Heathcote Ward']
2026-04-01,329900,House,ALL,12,120,9,517.0,0.1456,Christchurch City,['Heathcote Ward']
2026-04-01,330000,House,ALL,9,72,3,533.0,0.0859,Christchurch City,"['Halswell Ward', 'Cashmere Ward']"
2026-04-01,330100,House,ALL,15,114,9,458.0,0.1833,Christchurch City,['Linwood Ward']
2026-04-01,330200,House,ALL,18,168,18,437.0,0.206,Christchurch City,['Coastal Ward']
2026-04-01,330300,House,ALL,18,183,12,428.0,0.1914,Christchurch City,['Cashmere Ward']
2026-04-01,330400,House,ALL,24,168,12,500.0,0.1298,Christchurch City,['Linwood Ward']
2026-04-01,330500,House,ALL,12,96,9,469.0,0.1447,Christchurch City,['Linwood Ward']
2026-04-01,330600,House,ALL,18,138,12,518.0,0.1764,Christchurch City,['Cashmere Ward']
2026-04-01,330800,House,ALL,6,75,6,397.0,0.2061,Christchurch City,['Cashmere Ward']
2026-04-01,331000,House,ALL,15,123,12,366.0,0.3315,Christchurch City,['Linwood Ward']
2026-04-01,331100,House,ALL,6,39,3,341.0,0.1993,Christchurch City,"['Linwood Ward', 'Heathcote Ward']"
2026-04-01,331200,House,ALL,6,21,3,372.0,0.3706,Christchurch City,['Cashmere Ward']
2026-04-01,331300,House,ALL,9,42,3,443.0,0.1065,Christchurch City,['Cashmere Ward']
2026-04-01,331400,House,ALL,6,66,3,456.0,0.2205,Christchurch City,"['Heathcote Ward', 'Cashmere Ward']"
2026-04-01,331700,House,ALL,12,99,3,422.0,0.2317,Christchurch City,['Coastal Ward']
2026-04-01,331900,House,ALL,6,66,12,508.0,0.0823,Christchurch City,['Heathcote Ward']
2026-04-01,332000,House,ALL,12,126,9,488.0,0.2017,Christchurch City,['Heathcote Ward']
2026-04-01,332100,House,ALL,6,36,6,504.0,0.0687,Christchurch City,['Heathcote Ward']
2026-04-01,332400,House,ALL,12,78,12,478.0,0.0968,Christchurch City,['Heathcote Ward']
2026-04-01,332500,House,ALL,12,78,9,780.0,0.3663,Christchurch City,['Banks Peninsula Ward']
2026-04-01,332700,House,ALL,21,291,27,704.0,0.0964,Christchurch City,['Heathcote Ward']
2026-04-01,321200,House,5+,9,54,6,262.0,0.0247,Christchurch City,['Riccarton Ward']
2026-04-01,320700,Room,1,15,33,3,548.0,0.1669,Christchurch City,['Riccarton Ward']
2026-04-01,323300,Room,1,6,12,0,564.0,0.2391,Christchurch City,['Riccarton Ward']
2026-04-01,326100,Room,1,18,42,3,335.0,0.3087,Christchurch City,['Spreydon Ward']
2026-04-01,320700,Room,ALL,12,24,0,819.0,0.2291,Christchurch City,['Riccarton Ward']
2026-04-01,323300,Room,ALL,9,12,0,782.0,0.2659,Christchurch City,['Riccarton Ward']
2026-04-01,326100,Room,ALL,9,12,3,690.0,0.5168,Christchurch City,['Spreydon Ward']
2026-01-01,316800,House,1,36,75,0,505.0,0.1504,Christchurch City,['Harewood Ward']
2026-01-01,316900,House,1,6,9,0,712.0,0.1205,Christchurch City,['Harewood Ward']
2026-01-01,317300,House,1,45,90,0,571.0,0.1291,Christchurch City,['Innes Ward']
2026-01-01,317400,House,1,12,12,0,581.0,0.1585,Christchurch City,['Harewood Ward']
2026-01-01,317700,House,1,81,171,6,391.0,0.4033,Christchurch City,['Waimairi Ward']
2026-01-01,317900,House,1,6,3,0,673.0,0.0811,Christchurch City,"['Papanui Ward', 'Harewood Ward']"
2026-01-01,318300,House,1,12,21,3,463.0,0.0526,Christchurch City,['Waimairi Ward']
2026-01-01,318400,House,1,33,48,0,538.0,0.0955,Christchurch City,"['Innes Ward', 'Papanui Ward']"
2026-01-01,318800,House,1,9,12,3,580.0,0.2472,Christchurch City,['Papanui Ward']
2026-01-01,318900,House,1,12,18,0,568.0,0.1099,Christchurch City,['Waimairi Ward']
2026-01-01,319000,House,1,27,57,0,513.0,0.1603,Christchurch City,['Harewood Ward']
2026-01-01,319200,House,1,6,6,0,537.0,0.0934,Christchurch City,['Waimairi Ward']
2026-01-01,319300,House,1,15,33,0,507.0,0.2664,Christchurch City,['Hornby Ward']
2026-01-01,319400,House,1,18,21,3,324.0,0.1106,Christchurch City,['Papanui Ward']
2026-01-01,319500,House,1,60,105,3,461.0,0.172,Christchurch City,['Waimairi Ward']
2026-01-01,319700,House,1,21,36,3,716.0,0.1439,Christchurch City,['Waimairi Ward']
2026-01-01,319800,House,1,21,39,3,537.0,0.2675,Christchurch City,['Hornby Ward']
2026-01-01,319900,House,1,9,24,0,643.0,0.1395,Christchurch City,"['Fendalton Ward', 'Papanui Ward']"
2026-01-01,320100,House,1,6,15,3,565.0,0.2211,Christchurch City,['Papanui Ward']
2026-01-01,320200,House,1,24,48,0,529.0,0.1362,Christchurch City,"['Waimairi Ward', 'Fendalton Ward']"
2026-01-01,320500,House,1,21,45,0,505.0,0.1296,Christchurch City,['Papanui Ward']
2026-01-01,320600,House,1,30,51,0,535.0,0.1503,Christchurch City,['Fendalton Ward']
2026-01-01,320700,House,1,6,9,0,541.0,0.0942,Christchurch City,['Riccarton Ward']
2026-01-01,320800,House,1,42,72,0,510.0,0.1811,Christchurch City,"['Fendalton Ward', 'Papanui Ward']"
2026-01-01,320900,House,1,9,6,0,774.0,0.2523,Christchurch City,['Papanui Ward']
2026-01-01,321000,House,1,21,24,0,492.0,0.2324,Christchurch City,"['Hornby Ward', 'Riccarton Ward']"
2026-01-01,321100,House,1,21,60,6,525.0,0.1333,Christchurch City,['Hornby Ward']
2026-01-01,321200,House,1,9,18,0,486.0,0.3076,Christchurch City,['Riccarton Ward']
2026-01-01,321300,House,1,12,24,0,557.0,0.0996,Christchurch City,"['Burwood Ward', 'Innes Ward']"
2026-01-01,321400,House,1,9,15,0,594.0,0.1052,Christchurch City,['Fendalton Ward']
2026-01-01,321500,House,1,9,12,0,619.0,0.1303,Christchurch City,['Fendalton Ward']
2026-01-01,321700,House,1,6,6,0,631.0,0.4328,Christchurch City,['Innes Ward']
2026-01-01,321800,House,1,12,18,3,495.0,0.1499,Christchurch City,['Riccarton Ward']
2026-01-01,322000,House,1,9,12,0,653.0,0.111,Christchurch City,['Riccarton Ward']
2026-01-01,322100,House,1,6,12,0,387.0,0.6657,Christchurch City,"['Innes Ward', 'Papanui Ward']"
2026-01-01,322200,House,1,9,6,0,583.0,0.2065,Christchurch City,"['Papanui Ward', 'Fendalton Ward']"
2026-01-01,322400,House,1,6,9,3,608.0,0.1446,Christchurch City,"['Riccarton Ward', 'Fendalton Ward']"
2026-01-01,322600,House,1,9,18,0,696.0,0.2445,Christchurch City,['Fendalton Ward']
2026-01-01,322700,House,1,15,18,0,597.0,0.0825,Christchurch City,['Riccarton Ward']
2026-01-01,322800,House,1,6,9,0,699.0,0.1467,Christchurch City,['Halswell Ward']
2026-01-01,322900,House,1,6,12,0,612.0,0.0426,Christchurch City,['Halswell Ward']
2026-01-01,323000,House,1,6,12,3,594.0,0.1642,Christchurch City,['Fendalton Ward']
2026-01-01,323100,House,1,54,69,3,630.0,0.0984,Christchurch City,['Innes Ward']
2026-01-01,323200,House,1,105,177,3,621.0,0.0945,Christchurch City,['Riccarton Ward']
2026-01-01,323300,House,1,6,6,0,721.0,0.3273,Christchurch City,['Riccarton Ward']
2026-01-01,323400,House,1,15,33,6,498.0,0.5184,Christchurch City,['Innes Ward']
2026-01-01,323700,House,1,21,42,3,661.0,0.1253,Christchurch City,['Coastal Ward']
2026-01-01,323800,House,1,9,9,0,475.0,0.4622,Christchurch City,['Innes Ward']
2026-01-01,323900,House,1,6,12,0,539.0,0.1383,Christchurch City,"['Central Ward', 'Fendalton Ward']"
2026-01-01,324200,House,1,9,18,0,484.0,0.1287,Christchurch City,['Riccarton Ward']
2026-01-01,324300,House,1,12,18,0,503.0,0.0934,Christchurch City,['Halswell Ward']
2026-01-01,324400,House,1,6,6,0,450.0,0.09,Christchurch City,['Riccarton Ward']
2026-01-01,324500,House,1,9,18,0,455.0,0.1459,Christchurch City,['Halswell Ward']
2026-01-01,324600,House,1,6,18,0,456.0,0.1228,Christchurch City,['Burwood Ward']
2026-01-01,324800,House,1,6,12,0,517.0,0.138,Christchurch City,"['Central Ward', 'Innes Ward']"
2026-01-01,325000,House,1,15,30,0,442.0,0.2913,Christchurch City,"['Halswell Ward', 'Spreydon Ward']"
2026-01-01,325100,House,1,9,12,3,458.0,0.2364,Christchurch City,['Coastal Ward']
2026-01-01,325200,House,1,9,12,3,545.0,0.1898,Christchurch City,['Riccarton Ward']
2026-01-01,325300,House,1,9,12,3,526.0,0.1949,Christchurch City,"['Central Ward', 'Innes Ward']"
2026-01-01,325700,House,1,6,9,0,547.0,0.1098,Christchurch City,['Central Ward']
2026-01-01,325800,House,1,6,12,0,430.0,0.1523,Christchurch City,['Central Ward']
2026-01-01,325900,House,1,6,21,0,474.0,0.0998,Christchurch City,"['Innes Ward', 'Central Ward']"
2026-01-01,326100,House,1,12,21,0,440.0,0.1344,Christchurch City,['Spreydon Ward']
2026-01-01,326300,House,1,6,12,0,440.0,0.1054,Christchurch City,['Halswell Ward']
2026-01-01,326400,House,1,6,9,0,429.0,0.1144,Christchurch City,"['Spreydon Ward', 'Central Ward']"
2026-01-01,326500,House,1,9,21,0,471.0,0.1541,Christchurch City,['Burwood Ward']
2026-01-01,326600,House,1,9,15,3,521.0,0.1478,Christchurch City,['Central Ward']
2026-01-01,326800,House,1,6,9,0,373.0,0.3538,Christchurch City,['Central Ward']
2026-01-01,326900,House,1,12,18,0,410.0,0.3262,Christchurch City,['Spreydon Ward']
2026-01-01,327000,House,1,9,18,0,425.0,0.2323,Christchurch City,['Central Ward']
2026-01-01,327100,House,1,6,12,0,489.0,0.1368,Christchurch City,['Central Ward']
2026-01-01,327200,House,1,9,21,0,694.0,0.2865,Christchurch City,['Coastal Ward']
2026-01-01,327300,House,1,9,24,0,636.0,0.1623,Christchurch City,['Halswell Ward']
2026-01-01,327400,House,1,6,12,0,604.0,0.1164,Christchurch City,"['Central Ward', 'Spreydon Ward']"
2026-01-01,327500,House,1,15,27,3,534.0,0.2374,Christchurch City,['Burwood Ward']
2026-01-01,327600,House,1,6,18,0,629.0,0.1033,Christchurch City,['Spreydon Ward']
2026-01-01,327700,House,1,6,3,3,312.0,0.6421,Christchurch City,"['Spreydon Ward', 'Halswell Ward']"
2026-01-01,327900,House,1,6,6,0,851.0,0.4562,Christchurch City,"['Central Ward', 'Linwood Ward']"
2026-01-01,328000,House,1,12,30,3,778.0,0.3316,Christchurch City,['Halswell Ward']
2026-01-01,328100,House,1,9,12,3,649.0,0.3157,Christchurch City,['Central Ward']
2026-01-01,328200,House,1,6,15,0,564.0,0.3184,Christchurch City,['Spreydon Ward']
2026-01-01,328300,House,1,6,30,0,829.0,0.1561,Christchurch City,['Coastal Ward']
2026-01-01,328400,House,1,6,12,3,512.0,0.2352,Christchurch City,"['Burwood Ward', 'Linwood Ward']"
2026-01-01,328500,House,1,6,9,0,488.0,0.2293,Christchurch City,"['Central Ward', 'Linwood Ward']"
2026-01-01,328600,House,1,27,72,3,678.0,0.2838,Christchurch City,['Burwood Ward']
2026-01-01,328700,House,1,6,24,6,828.0,0.3424,Christchurch City,['Heathcote Ward']
2026-01-01,328800,House,1,6,15,0,715.0,0.4784,Christchurch City,"['Linwood Ward', 'Central Ward', 'Heathcote Ward']"
2026-01-01,328900,House,1,33,84,6,733.0,0.3051,Christchurch City,"['Linwood Ward', 'Central Ward']"
2026-01-01,329000,House,1,9,6,3,512.0,0.2167,Christchurch City,['Halswell Ward']
2026-01-01,329100,House,1,9,18,3,462.0,0.201,Christchurch City,['Cashmere Ward']
2026-01-01,329200,House,1,12,15,0,568.0,0.1275,Christchurch City,"['Cashmere Ward', 'Spreydon Ward']"
2026-01-01,329300,House,1,6,9,0,581.0,0.0552,Christchurch City,['Linwood Ward']
2026-01-01,329400,House,1,6,6,3,544.0,0.1321,Christchurch City,['Heathcote Ward']
2026-01-01,329600,House,1,9,12,0,616.0,0.4426,Christchurch City,['Linwood Ward']
2026-01-01,329700,House,1,15,33,6,535.0,0.1938,Christchurch City,['Heathcote Ward']
2026-01-01,329800,House,1,6,18,3,556.0,0.0795,Christchurch City,['Burwood Ward']
2026-01-01,329900,House,1,12,21,3,587.0,0.2154,Christchurch City,['Heathcote Ward']
2026-01-01,330000,House,1,9,18,0,626.0,0.298,Christchurch City,"['Halswell Ward', 'Cashmere Ward']"
2026-01-01,330100,House,1,18,27,0,623.0,0.4047,Christchurch City,['Linwood Ward']
2026-01-01,330200,House,1,12,12,0,672.0,0.2348,Christchurch City,['Coastal Ward']
2026-01-01,330400,House,1,6,12,0,673.0,0.3656,Christchurch City,['Linwood Ward']
2026-01-01,330500,House,1,36,57,6,443.0,0.6028,Christchurch City,['Linwood Ward']
2026-01-01,330600,House,1,12,21,3,649.0,0.2947,Christchurch City,['Cashmere Ward']
2026-01-01,330800,House,1,42,51,6,779.0,0.4033,Christchurch City,['Cashmere Ward']
2026-01-01,330900,House,1,12,15,0,648.0,0.166,Christchurch City,['Heathcote Ward']
2026-01-01,331100,House,1,33,45,9,502.0,0.7482,Christchurch City,"['Linwood Ward', 'Heathcote Ward']"
2026-01-01,331300,House,1,36,42,6,526.0,0.5485,Christchurch City,['Cashmere Ward']
2026-01-01,331700,House,1,36,51,9,416.0,0.4707,Christchurch City,['Coastal Ward']
2026-01-01,331800,House,1,21,21,0,812.0,0.3772,Christchurch City,['Heathcote Ward']
2026-01-01,332100,House,1,30,42,0,624.0,0.5131,Christchurch City,['Heathcote Ward']
2026-01-01,332700,House,1,24,42,0,553.0,0.2586,Christchurch City,['Heathcote Ward']
2026-01-01,319900,Flat,ALL,6,27,9,418.0,0.3902,Christchurch City,"['Fendalton Ward', 'Papanui Ward']"
2026-01-01,321000,Flat,ALL,6,18,0,429.0,0.0764,Christchurch City,"['Hornby Ward', 'Riccarton Ward']"
2026-01-01,321800,Flat,ALL,6,33,0,299.0,0.801,Christchurch City,['Riccarton Ward']
2026-01-01,323000,Flat,ALL,6,66,6,504.0,0.1166,Christchurch City,['Fendalton Ward']
2026-01-01,323500,Flat,ALL,6,27,6,442.0,0.1849,Christchurch City,"['Riccarton Ward', 'Spreydon Ward']"
2026-01-01,323900,Flat,ALL,6,105,6,500.0,0.2256,Christchurch City,"['Central Ward', 'Fendalton Ward']"
2026-01-01,324400,Flat,ALL,9,171,21,488.0,0.1428,Christchurch City,['Riccarton Ward']
2026-01-01,325300,Flat,ALL,6,54,6,514.0,0.0791,Christchurch City,"['Central Ward', 'Innes Ward']"
2026-01-01,326800,Flat,ALL,6,18,3,475.0,0.0833,Christchurch City,['Central Ward']
2026-01-01,327000,Flat,ALL,6,6,0,390.0,0.1207,Christchurch City,['Central Ward']
2026-01-01,327400,Flat,ALL,6,24,3,417.0,0.0668,Christchurch City,"['Central Ward', 'Spreydon Ward']"
2026-01-01,327900,Flat,ALL,6,6,0,290.0,0.0,Christchurch City,"['Central Ward', 'Linwood Ward']"
2026-01-01,328300,Flat,ALL,6,18,0,293.0,0.0185,Christchurch City,['Coastal Ward']
2026-01-01,329200,Flat,ALL,6,96,9,420.0,0.1313,Christchurch City,"['Cashmere Ward', 'Spreydon Ward']"
2026-01-01,329400,Flat,ALL,6,33,3,416.0,0.2365,Christchurch City,['Heathcote Ward']
2026-01-01,329600,Flat,ALL,6,42,6,455.0,0.0506,Christchurch City,['Linwood Ward']
2026-01-01,329900,Flat,ALL,6,24,3,368.0,0.0766,Christchurch City,['Heathcote Ward']
2026-01-01,323900,Flat,2,9,27,3,239.0,0.1821,Christchurch City,"['Central Ward', 'Fendalton Ward']"
2026-01-01,325300,Flat,2,12,33,9,285.0,0.0566,Christchurch City,"['Central Ward', 'Innes Ward']"
2026-01-01,327400,Flat,2,24,24,3,240.0,0.0,Christchurch City,"['Central Ward', 'Spreydon Ward']"
2026-01-01,327900,Flat,2,15,33,6,229.0,0.1798,Christchurch City,"['Central Ward', 'Linwood Ward']"
2026-01-01,321000,Flat,1,18,48,6,252.0,0.0435,Christchurch City,"['Hornby Ward', 'Riccarton Ward']"
2026-01-01,323800,Flat,1,15,12,3,239.0,0.1367,Christchurch City,['Innes Ward']
2026-01-01,326800,Flat,1,9,12,3,252.0,0.106,Christchurch City,['Central Ward']
2026-01-01,327900,Flat,1,6,57,3,266.0,0.0842,Christchurch City,"['Central Ward', 'Linwood Ward']"
2026-01-01,328300,Flat,1,39,210,39,300.0,0.2398,Christchurch City,['Coastal Ward']
2026-01-01,329400,Flat,1,6,9,3,270.0,0.109,Christchurch City,['Heathcote Ward']
2026-01-01,329900,Flat,1,12,18,0,309.0,0.0774,Christchurch City,['Heathcote Ward']
2026-01-01,320200,Boarding House,ALL,6,84,18,676.0,0.2995,Christchurch City,"['Waimairi Ward', 'Fendalton Ward']"
2026-01-01,321800,Boarding House,ALL,96,666,111,503.0,0.3719,Christchurch City,['Riccarton Ward']
2026-01-01,321900,Boarding House,ALL,117,726,135,555.0,0.2788,Christchurch City,['Halswell Ward']
2026-01-01,323300,Boarding House,ALL,12,120,18,804.0,0.3851,Christchurch City,['Riccarton Ward']
2026-01-01,326100,Boarding House,ALL,9,54,12,652.0,0.25,Christchurch City,['Spreydon Ward']
2026-01-01,327000,Boarding House,ALL,36,96,6,538.0,0.1279,Christchurch City,['Central Ward']
2026-01-01,320200,Boarding House,1,6,24,3,587.0,0.0256,Christchurch City,"['Waimairi Ward', 'Fendalton Ward']"
2026-01-01,321800,Boarding House,1,6,51,3,571.0,0.2098,Christchurch City,['Riccarton Ward']
2026-01-01,321900,Boarding House,1,15,60,6,584.0,0.1404,Christchurch City,['Halswell Ward']
2026-01-01,323300,Boarding House,1,9,141,24,574.0,0.1534,Christchurch City,['Riccarton Ward']
2026-01-01,326100,Boarding House,1,9,66,0,575.0,0.1641,Christchurch City,['Spreydon Ward']
2026-01-01,327000,Boarding House,1,9,63,9,555.0,0.0922,Christchurch City,['Central Ward']
2026-01-01,321800,Apartment,ALL,18,198,21,681.0,0.2995,Christchurch City,['Riccarton Ward']
2026-01-01,323000,Apartment,ALL,9,111,9,630.0,0.0636,Christchurch City,['Fendalton Ward']
2026-01-01,323900,Apartment,ALL,36,321,66,617.0,0.2051,Christchurch City,"['Central Ward', 'Fendalton Ward']"
2026-01-01,325300,Apartment,ALL,45,216,36,590.0,0.1574,Christchurch City,"['Central Ward', 'Innes Ward']"
2026-01-01,325700,Apartment,ALL,54,552,117,563.0,0.1454,Christchurch City,['Central Ward']
2026-01-01,325800,Apartment,ALL,6,99,6,650.0,0.0,Christchurch City,['Central Ward']
2026-01-01,326800,Apartment,ALL,33,135,39,514.0,0.3556,Christchurch City,['Central Ward']
2026-01-01,327000,Apartment,ALL,39,420,51,658.0,0.1534,Christchurch City,['Central Ward']
2026-01-01,327100,Apartment,ALL,6,27,3,700.0,0.1632,Christchurch City,['Central Ward']
2026-01-01,327900,Apartment,ALL,12,75,15,609.0,0.1371,Christchurch City,"['Central Ward', 'Linwood Ward']"
2026-01-01,328900,Apartment,ALL,15,171,27,747.0,0.1596,Christchurch City,"['Linwood Ward', 'Central Ward']"
2026-01-01,327000,Apartment,5+,33,168,15,547.0,0.3757,Christchurch City,['Central Ward']
2026-01-01,327000,Apartment,3,21,111,18,572.0,0.1577,Christchurch City,['Central Ward']
2026-01-01,322500,Apartment,2,6,39,6,484.0,0.0197,Christchurch City,['Halswell Ward']
2026-01-01,323000,Apartment,2,36,75,6,637.0,0.1278,Christchurch City,['Fendalton Ward']
2026-01-01,323900,Apartment,2,6,75,18,470.0,0.4622,Christchurch City,"['Central Ward', 'Fendalton Ward']"
2026-01-01,325300,Apartment,2,12,114,30,314.0,0.1803,Christchurch City,"['Central Ward', 'Innes Ward']"
2026-01-01,325700,Apartment,2,6,54,6,331.0,0.1176,Christchurch City,['Central Ward']
2026-01-01,325800,Apartment,2,6,9,0,486.0,0.001,Christchurch City,['Central Ward']
2026-01-01,327000,Apartment,2,12,192,66,326.0,0.1697,Christchurch City,['Central Ward']
2026-01-01,327900,Apartment,2,6,69,18,499.0,0.205,Christchurch City,"['Central Ward', 'Linwood Ward']"
2026-01-01,323000,Apartment,1,6,12,3,494.0,0.8735,Christchurch City,['Fendalton Ward']
2026-01-01,325700,Apartment,1,9,42,0,541.0,0.1603,Christchurch City,['Central Ward']
2026-01-01,325800,Apartment,1,12,60,6,557.0,0.135,Christchurch City,['Central Ward']
2026-01-01,327000,Apartment,1,15,234,18,441.0,0.352,Christchurch City,['Central Ward']
2026-01-01,327900,Apartment,1,15,285,18,465.0,0.2519,Christchurch City,"['Central Ward', 'Linwood Ward']"
2026-01-01,328900,Apartment,1,15,162,24,560.0,0.264,Christchurch City,"['Linwood Ward', 'Central Ward']"
2026-01-01,319500,ALL,5+,9,138,6,741.0,0.2465,Christchurch City,['Waimairi Ward']
2026-01-01,320200,ALL,5+,6,123,9,886.0,0.1095,Christchurch City,"['Waimairi Ward', 'Fendalton Ward']"
2026-01-01,320700,ALL,5+,12,84,12,796.0,0.1084,Christchurch City,['Riccarton Ward']
2026-01-01,321000,ALL,5+,12,141,12,822.0,0.265,Christchurch City,"['Hornby Ward', 'Riccarton Ward']"
2026-01-01,321200,ALL,5+,12,231,9,718.0,0.3177,Christchurch City,['Riccarton Ward']
2026-01-01,321800,ALL,5+,12,120,3,751.0,0.2567,Christchurch City,['Riccarton Ward']
2026-01-01,322000,ALL,5+,6,54,3,653.0,0.1772,Christchurch City,['Riccarton Ward']
2026-01-01,322700,ALL,5+,12,198,12,792.0,0.2796,Christchurch City,['Riccarton Ward']
2026-01-01,323300,ALL,5+,24,216,21,648.0,0.1289,Christchurch City,['Riccarton Ward']
2026-01-01,323500,ALL,5+,12,144,12,631.0,0.2779,Christchurch City,"['Riccarton Ward', 'Spreydon Ward']"
2026-01-01,324400,ALL,5+,9,87,6,674.0,0.4041,Christchurch City,['Riccarton Ward']
2026-01-01,325200,ALL,5+,33,351,21,674.0,0.2376,Christchurch City,['Riccarton Ward']
2026-01-01,327000,ALL,5+,42,327,24,735.0,0.2004,Christchurch City,['Central Ward']
2026-01-01,316600,ALL,ALL,21,270,18,567.0,0.4869,Christchurch City,"['Hornby Ward', 'Harewood Ward']"
2026-01-01,316800,ALL,ALL,12,183,12,510.0,0.3362,Christchurch City,['Harewood Ward']
2026-01-01,316900,ALL,ALL,51,585,36,416.0,0.6106,Christchurch City,['Harewood Ward']
2026-01-01,317000,ALL,ALL,12,135,12,669.0,0.2115,Christchurch City,['Harewood Ward']
2026-01-01,317300,ALL,ALL,33,381,36,403.0,0.523,Christchurch City,['Innes Ward']
2026-01-01,317400,ALL,ALL,51,582,39,508.0,0.2556,Christchurch City,['Harewood Ward']
2026-01-01,317500,ALL,ALL,9,141,6,523.0,0.1755,Christchurch City,"['Waimairi Ward', 'Harewood Ward']"
2026-01-01,317700,ALL,ALL,66,651,51,415.0,0.4541,Christchurch City,['Waimairi Ward']
2026-01-01,317800,ALL,ALL,9,66,9,693.0,0.3607,Christchurch City,['Harewood Ward']
2026-01-01,317900,ALL,ALL,42,354,21,420.0,0.5024,Christchurch City,"['Papanui Ward', 'Harewood Ward']"
2026-01-01,318000,ALL,ALL,45,477,45,522.0,0.1729,Christchurch City,['Harewood Ward']
2026-01-01,318100,ALL,ALL,21,141,21,808.0,0.2641,Christchurch City,['Hornby Ward']
2026-01-01,318300,ALL,ALL,9,144,6,512.0,0.3057,Christchurch City,['Waimairi Ward']
2026-01-01,318400,ALL,ALL,24,249,15,510.0,0.3719,Christchurch City,"['Innes Ward', 'Papanui Ward']"
2026-01-01,318500,ALL,ALL,15,138,24,620.0,0.1329,Christchurch City,['Waimairi Ward']
2026-01-01,318600,ALL,ALL,27,156,21,579.0,0.5043,Christchurch City,['Papanui Ward']
2026-01-01,318700,ALL,ALL,12,108,12,472.0,0.5208,Christchurch City,['Hornby Ward']
2026-01-01,318800,ALL,ALL,15,339,21,499.0,0.2328,Christchurch City,['Papanui Ward']
2026-01-01,318900,ALL,ALL,12,105,15,545.0,0.3507,Christchurch City,['Waimairi Ward']
2026-01-01,319000,ALL,ALL,18,153,12,653.0,0.4202,Christchurch City,['Harewood Ward']
2026-01-01,319200,ALL,ALL,9,153,12,485.0,0.687,Christchurch City,['Waimairi Ward']
2026-01-01,319300,ALL,ALL,12,207,18,474.0,0.4397,Christchurch City,['Hornby Ward']
2026-01-01,319400,ALL,ALL,9,81,9,583.0,0.2065,Christchurch City,['Papanui Ward']
2026-01-01,319500,ALL,ALL,6,117,12,640.0,0.1306,Christchurch City,['Waimairi Ward']
2026-01-01,319600,ALL,ALL,15,153,15,591.0,0.462,Christchurch City,['Papanui Ward']
2026-01-01,319700,ALL,ALL,9,150,18,634.0,0.1662,Christchurch City,['Waimairi Ward']
2026-01-01,319800,ALL,ALL,6,81,3,758.0,0.2259,Christchurch City,['Hornby Ward']
2026-01-01,319900,ALL,ALL,24,225,15,585.0,0.3311,Christchurch City,"['Fendalton Ward', 'Papanui Ward']"
2026-01-01,320100,ALL,ALL,18,252,36,676.0,0.3265,Christchurch City,['Papanui Ward']
2026-01-01,320200,ALL,ALL,6,39,3,534.0,0.3171,Christchurch City,"['Waimairi Ward', 'Fendalton Ward']"
2026-01-01,320300,ALL,ALL,9,126,12,512.0,0.118,Christchurch City,['Hornby Ward']
2026-01-01,320500,ALL,ALL,15,153,6,611.0,0.084,Christchurch City,['Papanui Ward']
2026-01-01,320600,ALL,ALL,6,60,0,674.0,0.1303,Christchurch City,['Fendalton Ward']
2026-01-01,320700,ALL,ALL,12,174,12,565.0,0.2577,Christchurch City,['Riccarton Ward']
2026-01-01,320800,ALL,ALL,18,156,15,504.0,0.452,Christchurch City,"['Fendalton Ward', 'Papanui Ward']"
2026-01-01,320900,ALL,ALL,75,309,18,631.0,0.0942,Christchurch City,['Papanui Ward']
2026-01-01,321000,ALL,ALL,6,57,3,533.0,0.3024,Christchurch City,"['Hornby Ward', 'Riccarton Ward']"
2026-01-01,321100,ALL,ALL,153,933,90,618.0,0.0989,Christchurch City,['Hornby Ward']
2026-01-01,321200,ALL,ALL,9,75,12,741.0,0.1171,Christchurch City,['Riccarton Ward']
2026-01-01,321300,ALL,ALL,9,51,9,691.0,0.237,Christchurch City,"['Burwood Ward', 'Innes Ward']"
2026-01-01,321400,ALL,ALL,33,261,27,501.0,0.5012,Christchurch City,['Fendalton Ward']
2026-01-01,321500,ALL,ALL,36,219,21,608.0,0.3122,Christchurch City,['Fendalton Ward']
2026-01-01,321600,ALL,ALL,15,108,9,494.0,0.4002,Christchurch City,['Burwood Ward']
2026-01-01,321700,ALL,ALL,6,36,3,538.0,0.2598,Christchurch City,['Innes Ward']
2026-01-01,321800,ALL,ALL,6,48,6,412.0,0.3516,Christchurch City,['Riccarton Ward']
2026-01-01,321900,ALL,ALL,12,141,15,453.0,0.2916,Christchurch City,['Halswell Ward']
2026-01-01,322000,ALL,ALL,9,51,3,564.0,0.2263,Christchurch City,['Riccarton Ward']
2026-01-01,322100,ALL,ALL,12,123,9,528.0,0.1235,Christchurch City,"['Innes Ward', 'Papanui Ward']"
2026-01-01,322200,ALL,ALL,12,174,9,508.0,0.1704,Christchurch City,"['Papanui Ward', 'Fendalton Ward']"
2026-01-01,322300,ALL,ALL,12,153,15,514.0,0.1172,Christchurch City,"['Riccarton Ward', 'Halswell Ward']"
2026-01-01,322400,ALL,ALL,9,66,9,556.0,0.1319,Christchurch City,"['Riccarton Ward', 'Fendalton Ward']"
2026-01-01,322500,ALL,ALL,6,93,6,480.0,0.0984,Christchurch City,['Halswell Ward']
2026-01-01,322600,ALL,ALL,21,198,18,482.0,0.1546,Christchurch City,['Fendalton Ward']
2026-01-01,322700,ALL,ALL,12,192,15,457.0,0.1255,Christchurch City,['Riccarton Ward']
2026-01-01,322800,ALL,ALL,15,144,9,509.0,0.1493,Christchurch City,['Halswell Ward']
2026-01-01,322900,ALL,ALL,27,237,18,458.0,0.255,Christchurch City,['Halswell Ward']
2026-01-01,323000,ALL,ALL,12,153,18,479.0,0.2563,Christchurch City,['Fendalton Ward']
2026-01-01,323100,ALL,ALL,15,135,6,465.0,0.2053,Christchurch City,['Innes Ward']
2026-01-01,323200,ALL,ALL,6,48,3,520.0,0.2945,Christchurch City,['Riccarton Ward']
2026-01-01,323300,ALL,ALL,9,84,6,556.0,0.176,Christchurch City,['Riccarton Ward']
2026-01-01,323400,ALL,ALL,6,90,6,492.0,0.1848,Christchurch City,['Innes Ward']
2026-01-01,323500,ALL,ALL,9,123,9,418.0,0.1654,Christchurch City,"['Riccarton Ward', 'Spreydon Ward']"
2026-01-01,323600,ALL,ALL,9,144,18,523.0,0.1933,Christchurch City,['Halswell Ward']
2026-01-01,323700,ALL,ALL,12,81,6,530.0,0.1114,Christchurch City,['Coastal Ward']
2026-01-01,323800,ALL,ALL,12,216,15,424.0,0.2037,Christchurch City,['Innes Ward']
2026-01-01,323900,ALL,ALL,18,213,18,483.0,0.1111,Christchurch City,"['Central Ward', 'Fendalton Ward']"
2026-01-01,324000,ALL,ALL,27,279,33,457.0,0.1294,Christchurch City,['Burwood Ward']
2026-01-01,324100,ALL,ALL,9,177,6,438.0,0.0998,Christchurch City,['Halswell Ward']
2026-01-01,324200,ALL,ALL,6,81,6,429.0,0.1144,Christchurch City,['Riccarton Ward']
2026-01-01,324300,ALL,ALL,12,228,15,471.0,0.1594,Christchurch City,['Halswell Ward']
2026-01-01,324400,ALL,ALL,6,126,6,479.0,0.1599,Christchurch City,['Riccarton Ward']
2026-01-01,324500,ALL,ALL,9,78,12,238.0,0.1231,Christchurch City,['Halswell Ward']
2026-01-01,324600,ALL,ALL,12,129,6,492.0,0.1807,Christchurch City,['Burwood Ward']
2026-01-01,324800,ALL,ALL,9,57,6,349.0,0.4653,Christchurch City,"['Central Ward', 'Innes Ward']"
2026-01-01,325000,ALL,ALL,6,141,9,390.0,0.3121,Christchurch City,"['Halswell Ward', 'Spreydon Ward']"
2026-01-01,325100,ALL,ALL,9,69,6,426.0,0.1978,Christchurch City,['Coastal Ward']
2026-01-01,325200,ALL,ALL,15,90,9,435.0,0.2874,Christchurch City,['Riccarton Ward']
2026-01-01,325300,ALL,ALL,6,69,6,511.0,0.062,Christchurch City,"['Central Ward', 'Innes Ward']"
2026-01-01,325400,ALL,ALL,18,141,21,453.0,0.2465,Christchurch City,['Halswell Ward']
2026-01-01,325600,ALL,ALL,15,93,6,481.0,0.133,Christchurch City,['Burwood Ward']
2026-01-01,325700,ALL,ALL,9,78,12,587.0,0.4799,Christchurch City,['Central Ward']
2026-01-01,325800,ALL,ALL,30,324,21,681.0,0.2987,Christchurch City,['Central Ward']
2026-01-01,325900,ALL,ALL,33,315,30,684.0,0.137,Christchurch City,"['Innes Ward', 'Central Ward']"
2026-01-01,326000,ALL,ALL,6,18,3,331.0,0.1116,Christchurch City,['Coastal Ward']
2026-01-01,326100,ALL,ALL,12,63,6,631.0,0.1447,Christchurch City,['Spreydon Ward']
2026-01-01,326300,ALL,ALL,18,216,12,518.0,0.2325,Christchurch City,['Halswell Ward']
2026-01-01,326400,ALL,ALL,12,147,15,618.0,0.1009,Christchurch City,"['Spreydon Ward', 'Central Ward']"
2026-01-01,326500,ALL,ALL,12,60,6,308.0,0.4786,Christchurch City,['Burwood Ward']
2026-01-01,326600,ALL,ALL,6,30,9,831.0,0.364,Christchurch City,['Central Ward']
2026-01-01,326700,ALL,ALL,9,27,3,529.0,0.4508,Christchurch City,['Spreydon Ward']
2026-01-01,326800,ALL,ALL,24,171,27,795.0,0.5373,Christchurch City,['Central Ward']
2026-01-01,326900,ALL,ALL,42,363,54,773.0,0.3881,Christchurch City,['Spreydon Ward']
2026-01-01,327000,ALL,ALL,12,117,15,891.0,0.1965,Christchurch City,['Central Ward']
2026-01-01,327100,ALL,ALL,12,156,21,826.0,0.2674,Christchurch City,['Central Ward']
2026-01-01,327200,ALL,ALL,12,129,15,796.0,0.2653,Christchurch City,['Coastal Ward']
2026-01-01,327300,ALL,ALL,18,135,18,691.0,0.2701,Christchurch City,['Halswell Ward']
2026-01-01,327400,ALL,ALL,24,111,12,660.0,0.2718,Christchurch City,"['Central Ward', 'Spreydon Ward']"
2026-01-01,327500,ALL,ALL,12,87,6,672.0,0.6217,Christchurch City,['Burwood Ward']
2026-01-01,327600,ALL,ALL,6,66,3,1225.0,0.4444,Christchurch City,['Spreydon Ward']
2026-01-01,327700,ALL,ALL,39,264,48,405.0,0.522,Christchurch City,"['Spreydon Ward', 'Halswell Ward']"
2026-01-01,327800,ALL,ALL,54,429,39,473.0,0.6771,Christchurch City,"['Linwood Ward', 'Central Ward']"
2026-01-01,327900,ALL,ALL,18,207,24,890.0,0.4167,Christchurch City,"['Central Ward', 'Linwood Ward']"
2026-01-01,328000,ALL,ALL,9,126,12,512.0,0.4862,Christchurch City,['Halswell Ward']
2026-01-01,328100,ALL,ALL,6,168,9,971.0,0.1229,Christchurch City,['Central Ward']
2026-01-01,328200,ALL,ALL,12,255,24,827.0,0.2069,Christchurch City,['Spreydon Ward']
2026-01-01,328300,ALL,ALL,75,672,75,747.0,0.3225,Christchurch City,['Coastal Ward']
2026-01-01,328400,ALL,ALL,27,240,30,756.0,0.4555,Christchurch City,"['Burwood Ward', 'Linwood Ward']"
2026-01-01,328500,ALL,ALL,15,174,18,731.0,0.4689,Christchurch City,"['Central Ward', 'Linwood Ward']"
2026-01-01,328600,ALL,ALL,132,906,102,833.0,0.3872,Christchurch City,['Burwood Ward']
2026-01-01,328700,ALL,ALL,6,66,3,596.0,0.1794,Christchurch City,['Heathcote Ward']
2026-01-01,328800,ALL,ALL,6,54,6,431.0,0.2215,Christchurch City,"['Linwood Ward', 'Central Ward', 'Heathcote Ward']"
2026-01-01,328900,ALL,ALL,15,144,18,522.0,0.1646,Christchurch City,"['Linwood Ward', 'Central Ward']"
2026-01-01,329000,ALL,ALL,12,96,3,566.0,0.3233,Christchurch City,['Halswell Ward']
2026-01-01,329100,ALL,ALL,21,249,12,484.0,0.1969,Christchurch City,['Cashmere Ward']
2026-01-01,329200,ALL,ALL,15,132,15,582.0,0.1107,Christchurch City,"['Cashmere Ward', 'Spreydon Ward']"
2026-01-01,329300,ALL,ALL,6,90,15,611.0,0.111,Christchurch City,['Linwood Ward']
2026-01-01,329400,ALL,ALL,9,81,12,579.0,0.1309,Christchurch City,['Heathcote Ward']
2026-01-01,329500,ALL,ALL,33,159,27,657.0,0.3305,Christchurch City,"['Cashmere Ward', 'Spreydon Ward']"
2026-01-01,329600,ALL,ALL,9,93,9,617.0,0.0946,Christchurch City,['Linwood Ward']
2026-01-01,329700,ALL,ALL,42,369,51,557.0,0.165,Christchurch City,['Heathcote Ward']
2026-01-01,329800,ALL,ALL,6,81,12,569.0,0.1278,Christchurch City,['Burwood Ward']
2026-01-01,329900,ALL,ALL,33,198,18,600.0,0.3487,Christchurch City,['Heathcote Ward']
2026-01-01,330000,ALL,ALL,9,102,15,540.0,0.3797,Christchurch City,"['Halswell Ward', 'Cashmere Ward']"
2026-01-01,330100,ALL,ALL,30,186,36,740.0,0.3232,Christchurch City,['Linwood Ward']
2026-01-01,330200,ALL,ALL,54,336,48,618.0,0.4122,Christchurch City,['Coastal Ward']
2026-01-01,330300,ALL,ALL,42,267,42,643.0,0.4518,Christchurch City,['Cashmere Ward']
2026-01-01,330400,ALL,ALL,9,111,12,649.0,0.3368,Christchurch City,['Linwood Ward']
2026-01-01,330500,ALL,ALL,192,729,168,514.0,0.6226,Christchurch City,['Linwood Ward']
2026-01-01,330600,ALL,ALL,27,207,30,602.0,0.3591,Christchurch City,['Cashmere Ward']
2026-01-01,330800,ALL,ALL,546,1068,444,806.0,0.5942,Christchurch City,['Cashmere Ward']
2026-01-01,330900,ALL,ALL,18,138,15,560.0,0.3321,Christchurch City,['Heathcote Ward']
2026-01-01,331100,ALL,ALL,282,726,240,611.0,0.6294,Christchurch City,"['Linwood Ward', 'Heathcote Ward']"
2026-01-01,331200,ALL,ALL,9,150,15,556.0,0.164,Christchurch City,['Cashmere Ward']
2026-01-01,331300,ALL,ALL,6,93,3,500.0,0.2952,Christchurch City,['Cashmere Ward']
2026-01-01,331400,ALL,ALL,237,672,213,665.0,0.6821,Christchurch City,"['Heathcote Ward', 'Cashmere Ward']"
2026-01-01,331700,ALL,ALL,117,483,105,543.0,0.6349,Christchurch City,['Coastal Ward']
2026-01-01,331800,ALL,ALL,21,144,15,423.0,0.5194,Christchurch City,['Heathcote Ward']
2026-01-01,331900,ALL,ALL,192,414,153,761.0,0.4948,Christchurch City,['Heathcote Ward']
2026-01-01,332000,ALL,ALL,264,675,234,755.0,0.454,Christchurch City,['Heathcote Ward']
2026-01-01,332100,ALL,ALL,48,441,42,560.0,0.3054,Christchurch City,['Heathcote Ward']
2026-01-01,332400,ALL,ALL,237,876,180,473.0,0.6217,Christchurch City,['Heathcote Ward']
2026-01-01,332500,ALL,ALL,15,249,33,549.0,0.3836,Christchurch City,['Banks Peninsula Ward']
2026-01-01,332700,ALL,ALL,9,111,9,652.0,0.2478,Christchurch City,['Heathcote Ward']
2026-01-01,323500,ALL,5+,6,39,3,898.0,0.0569,Christchurch City,"['Riccarton Ward', 'Spreydon Ward']"
2026-01-01,319900,ALL,4,18,219,24,748.0,0.1808,Christchurch City,"['Fendalton Ward', 'Papanui Ward']"
2026-01-01,320200,ALL,4,6,132,15,442.0,0.6667,Christchurch City,"['Waimairi Ward', 'Fendalton Ward']"
2026-01-01,320700,ALL,4,15,129,12,711.0,0.0732,Christchurch City,['Riccarton Ward']
2026-01-01,321200,ALL,4,57,291,42,560.0,0.3425,Christchurch City,['Riccarton Ward']
2026-01-01,321600,ALL,4,12,111,9,544.0,0.1363,Christchurch City,['Burwood Ward']
2026-01-01,321800,ALL,4,63,363,66,614.0,0.2549,Christchurch City,['Riccarton Ward']
2026-01-01,322000,ALL,4,15,126,12,789.0,0.3722,Christchurch City,['Riccarton Ward']
2026-01-01,322700,ALL,4,9,114,9,485.0,0.487,Christchurch City,['Riccarton Ward']
2026-01-01,322800,ALL,4,6,117,12,706.0,0.118,Christchurch City,['Halswell Ward']
2026-01-01,322900,ALL,4,15,138,12,619.0,0.0823,Christchurch City,['Halswell Ward']
2026-01-01,323100,ALL,4,12,141,12,783.0,0.2836,Christchurch City,['Innes Ward']
2026-01-01,323300,ALL,4,21,258,42,722.0,0.0854,Christchurch City,['Riccarton Ward']
2026-01-01,323400,ALL,4,75,729,129,489.0,0.2924,Christchurch City,['Innes Ward']
2026-01-01,325400,ALL,4,15,219,18,568.0,0.1521,Christchurch City,['Halswell Ward']
2026-01-01,327400,ALL,4,21,123,24,693.0,0.2969,Christchurch City,"['Central Ward', 'Spreydon Ward']"
2026-01-01,329000,ALL,4,24,216,30,483.0,0.397,Christchurch City,['Halswell Ward']
2026-01-01,330200,ALL,4,30,210,42,550.0,0.4002,Christchurch City,['Coastal Ward']
2026-01-01,330300,ALL,4,18,153,21,519.0,0.5421,Christchurch City,['Cashmere Ward']
2026-01-01,320900,ALL,2,6,60,9,737.0,0.1482,Christchurch City,['Papanui Ward']
2026-01-01,321100,ALL,2,12,120,12,695.0,0.0696,Christchurch City,['Hornby Ward']
2026-01-01,321800,ALL,2,6,54,3,677.0,0.3524,Christchurch City,['Riccarton Ward']
2026-01-01,322100,ALL,2,9,294,27,661.0,0.094,Christchurch City,"['Innes Ward', 'Papanui Ward']"
2026-01-01,322200,ALL,2,24,141,12,723.0,0.1685,Christchurch City,"['Papanui Ward', 'Fendalton Ward']"
2026-01-01,322500,ALL,2,6,84,6,777.0,0.0525,Christchurch City,['Halswell Ward']
2026-01-01,323000,ALL,2,9,204,15,685.0,0.1158,Christchurch City,['Fendalton Ward']
2026-01-01,323300,ALL,2,9,216,12,632.0,0.2013,Christchurch City,['Riccarton Ward']
2026-01-01,323800,ALL,2,12,177,9,646.0,0.1103,Christchurch City,['Innes Ward']
2026-01-01,323900,ALL,2,6,174,18,697.0,0.0869,Christchurch City,"['Central Ward', 'Fendalton Ward']"
2026-01-01,324400,ALL,2,15,207,12,753.0,0.0868,Christchurch City,['Riccarton Ward']
2026-01-01,324800,ALL,2,6,72,6,662.0,0.0474,Christchurch City,"['Central Ward', 'Innes Ward']"
2026-01-01,325000,ALL,2,9,186,12,701.0,0.1001,Christchurch City,"['Halswell Ward', 'Spreydon Ward']"
2026-01-01,325300,ALL,2,12,189,6,701.0,0.0493,Christchurch City,"['Central Ward', 'Innes Ward']"
2026-01-01,325700,ALL,2,12,132,6,672.0,0.0943,Christchurch City,['Central Ward']
2026-01-01,325800,ALL,2,9,117,6,684.0,0.0797,Christchurch City,['Central Ward']
2026-01-01,326100,ALL,2,12,141,9,688.0,0.0988,Christchurch City,['Spreydon Ward']
2026-01-01,326800,ALL,2,9,150,18,605.0,0.3915,Christchurch City,['Central Ward']
2026-01-01,327000,ALL,2,12,153,9,713.0,0.1417,Christchurch City,['Central Ward']
2026-01-01,327100,ALL,2,12,204,9,702.0,0.1037,Christchurch City,['Central Ward']
2026-01-01,327400,ALL,2,15,219,21,649.0,0.1228,Christchurch City,"['Central Ward', 'Spreydon Ward']"
2026-01-01,327600,ALL,2,9,222,12,612.0,0.0947,Christchurch City,['Spreydon Ward']
2026-01-01,327900,ALL,2,12,168,15,630.0,0.0839,Christchurch City,"['Central Ward', 'Linwood Ward']"
2026-01-01,328200,ALL,2,9,147,9,680.0,0.0781,Christchurch City,['Spreydon Ward']
2026-01-01,328500,ALL,2,18,195,21,751.0,0.1006,Christchurch City,"['Central Ward', 'Linwood Ward']"
2026-01-01,328900,ALL,2,9,135,9,745.0,0.0943,Christchurch City,"['Linwood Ward', 'Central Ward']"
2026-01-01,329100,ALL,2,9,96,0,869.0,0.2989,Christchurch City,['Cashmere Ward']
2026-01-01,329300,ALL,2,9,198,9,620.0,0.1062,Christchurch City,['Linwood Ward']
2026-01-01,329400,ALL,2,9,165,9,745.0,0.1217,Christchurch City,['Heathcote Ward']
2026-01-01,329600,ALL,2,9,258,12,652.0,0.0381,Christchurch City,['Linwood Ward']
2026-01-01,329700,ALL,2,9,147,15,654.0,0.0692,Christchurch City,['Heathcote Ward']
2026-01-01,329900,ALL,2,9,126,15,654.0,0.1421,Christchurch City,['Heathcote Ward']
2026-01-01,330100,ALL,2,12,162,9,666.0,0.0699,Christchurch City,['Linwood Ward']
2026-01-01,330200,ALL,2,12,213,21,658.0,0.0917,Christchurch City,['Coastal Ward']
2026-01-01,330500,ALL,2,9,132,6,738.0,0.1253,Christchurch City,['Linwood Ward']
2026-01-01,331200,ALL,2,6,99,15,883.0,0.0817,Christchurch City,['Cashmere Ward']
2026-01-01,332000,ALL,2,9,111,9,757.0,0.1168,Christchurch City,['Heathcote Ward']
2026-01-01,332100,ALL,2,12,108,6,600.0,0.3919,Christchurch City,['Heathcote Ward']
2026-01-01,318000,ALL,3,6,63,12,530.0,0.0467,Christchurch City,['Harewood Ward']
2026-01-01,318300,ALL,3,9,156,18,512.0,0.1938,Christchurch City,['Waimairi Ward']
2026-01-01,318600,ALL,3,6,33,6,617.0,0.0612,Christchurch City,['Papanui Ward']
2026-01-01,319200,ALL,3,6,129,15,551.0,0.0964,Christchurch City,['Waimairi Ward']
2026-01-01,319300,ALL,3,6,150,12,490.0,0.1885,Christchurch City,['Hornby Ward']
2026-01-01,319500,ALL,3,6,183,18,460.0,0.1868,Christchurch City,['Waimairi Ward']
2026-01-01,319600,ALL,3,6,66,6,562.0,0.0171,Christchurch City,['Papanui Ward']
2026-01-01,319700,ALL,3,6,102,6,508.0,0.0694,Christchurch City,['Waimairi Ward']
2026-01-01,319800,ALL,3,6,9,3,560.0,0.1342,Christchurch City,['Hornby Ward']
2026-01-01,319900,ALL,3,9,27,3,404.0,0.4333,Christchurch City,"['Fendalton Ward', 'Papanui Ward']"
2026-01-01,320200,ALL,3,6,36,0,440.0,0.2945,Christchurch City,"['Waimairi Ward', 'Fendalton Ward']"
2026-01-01,320700,ALL,3,6,27,0,544.0,0.331,Christchurch City,['Riccarton Ward']
2026-01-01,321000,ALL,3,6,12,0,668.0,0.0931,Christchurch City,"['Hornby Ward', 'Riccarton Ward']"
2026-01-01,321300,ALL,3,6,6,0,543.0,0.3443,Christchurch City,"['Burwood Ward', 'Innes Ward']"
2026-01-01,321500,ALL,3,9,30,0,629.0,0.1716,Christchurch City,['Fendalton Ward']
2026-01-01,321800,ALL,3,15,60,3,371.0,0.6877,Christchurch City,['Riccarton Ward']
2026-01-01,321900,ALL,3,6,6,3,710.0,0.0896,Christchurch City,['Halswell Ward']
2026-01-01,322600,ALL,3,6,9,0,638.0,0.1008,Christchurch City,['Fendalton Ward']
2026-01-01,322700,ALL,3,9,15,0,632.0,0.0653,Christchurch City,['Riccarton Ward']
2026-01-01,322900,ALL,3,9,15,0,367.0,0.8582,Christchurch City,['Halswell Ward']
2026-01-01,323000,ALL,3,9,45,0,454.0,0.511,Christchurch City,['Fendalton Ward']
2026-01-01,323100,ALL,3,9,60,0,603.0,0.1329,Christchurch City,['Innes Ward']
2026-01-01,323200,ALL,3,6,33,0,533.0,0.2231,Christchurch City,['Riccarton Ward']
2026-01-01,323800,ALL,3,18,150,12,422.0,0.5839,Christchurch City,['Innes Ward']
2026-01-01,323900,ALL,3,6,6,0,722.0,0.195,Christchurch City,"['Central Ward', 'Fendalton Ward']"
2026-01-01,324400,ALL,3,12,69,3,495.0,0.3854,Christchurch City,['Riccarton Ward']
2026-01-01,324500,ALL,3,12,78,3,548.0,0.2722,Christchurch City,['Halswell Ward']
2026-01-01,324800,ALL,3,24,102,15,478.0,0.2884,Christchurch City,"['Central Ward', 'Innes Ward']"
2026-01-01,325000,ALL,3,6,48,6,458.0,0.2699,Christchurch City,"['Halswell Ward', 'Spreydon Ward']"
2026-01-01,325200,ALL,3,6,30,0,564.0,0.2391,Christchurch City,['Riccarton Ward']
2026-01-01,325300,ALL,3,18,108,6,335.0,0.3087,Christchurch City,"['Central Ward', 'Innes Ward']"
2026-01-01,325400,ALL,3,6,72,6,495.0,0.2584,Christchurch City,['Halswell Ward']
2026-01-01,325800,ALL,3,6,15,0,509.0,0.3492,Christchurch City,['Central Ward']
2026-01-01,325900,ALL,3,9,42,0,493.0,0.277,Christchurch City,"['Innes Ward', 'Central Ward']"
2026-01-01,326100,ALL,3,9,21,0,668.0,0.2128,Christchurch City,['Spreydon Ward']
2026-01-01,326300,ALL,3,12,30,0,720.0,0.1414,Christchurch City,['Halswell Ward']
2026-01-01,326800,ALL,3,9,36,3,481.0,0.3632,Christchurch City,['Central Ward']
2026-01-01,326900,ALL,3,9,27,0,651.0,0.1792,Christchurch City,['Spreydon Ward']
2026-01-01,327000,ALL,3,9,12,3,541.0,0.2711,Christchurch City,['Central Ward']
2026-01-01,327300,ALL,3,36,111,3,448.0,0.4939,Christchurch City,['Halswell Ward']
2026-01-01,327400,ALL,3,6,15,0,597.0,0.0999,Christchurch City,"['Central Ward', 'Spreydon Ward']"
2026-01-01,327600,ALL,3,6,9,0,589.0,0.0602,Christchurch City,['Spreydon Ward']
2026-01-01,327700,ALL,3,9,21,6,540.0,0.4275,Christchurch City,"['Spreydon Ward', 'Halswell Ward']"
2026-01-01,327900,ALL,3,15,18,0,633.0,0.1774,Christchurch City,"['Central Ward', 'Linwood Ward']"
2026-01-01,328000,ALL,3,6,12,0,725.0,0.0732,Christchurch City,['Halswell Ward']
2026-01-01,328500,ALL,3,6,24,3,549.0,0.1839,Christchurch City,"['Central Ward', 'Linwood Ward']"
2026-01-01,328700,ALL,3,6,6,0,864.0,0.442,Christchurch City,['Heathcote Ward']
2026-01-01,328900,ALL,3,9,18,0,612.0,0.329,Christchurch City,"['Linwood Ward', 'Central Ward']"
2026-01-01,329000,ALL,3,9,36,3,663.0,0.1705,Christchurch City,['Halswell Ward']
2026-01-01,329100,ALL,3,15,42,3,594.0,0.2231,Christchurch City,['Cashmere Ward']
2026-01-01,329200,ALL,3,6,27,3,418.0,0.316,Christchurch City,"['Cashmere Ward', 'Spreydon Ward']"
2026-01-01,329400,ALL,3,6,36,0,462.0,0.2727,Christchurch City,['Heathcote Ward']
2026-01-01,329500,ALL,3,12,30,0,739.0,0.2546,Christchurch City,"['Cashmere Ward', 'Spreydon Ward']"
2026-01-01,329700,ALL,3,6,15,0,629.0,0.4521,Christchurch City,['Heathcote Ward']
2026-01-01,330600,ALL,3,24,66,6,665.0,0.272,Christchurch City,['Cashmere Ward']
2026-01-01,330800,ALL,3,9,9,0,884.0,0.139,Christchurch City,['Cashmere Ward']
2026-01-01,331300,ALL,3,15,21,0,830.0,0.2934,Christchurch City,['Cashmere Ward']
2026-01-01,331700,ALL,3,15,30,0,689.0,0.696,Christchurch City,['Coastal Ward']
2026-01-01,332500,ALL,3,6,12,0,762.0,0.2898,Christchurch City,['Banks Peninsula Ward']
2026-01-01,332700,ALL,3,6,15,0,811.0,0.1364,Christchurch City,['Heathcote Ward']
2026-01-01,316600,ALL,1,9,18,3,527.0,0.3942,Christchurch City,"['Hornby Ward', 'Harewood Ward']"
2026-01-01,316800,ALL,1,54,69,3,630.0,0.0984,Christchurch City,['Harewood Ward']
2026-01-01,316900,ALL,1,105,177,3,621.0,0.0945,Christchurch City,['Harewood Ward']
2026-01-01,317300,ALL,1,6,12,3,721.0,0.3273,Christchurch City,['Innes Ward']
2026-01-01,317400,ALL,1,18,42,6,474.0,0.547,Christchurch City,['Harewood Ward']
2026-01-01,317700,ALL,1,24,48,0,598.0,0.2949,Christchurch City,['Waimairi Ward']
2026-01-01,317900,ALL,1,6,12,0,443.0,0.4722,Christchurch City,"['Papanui Ward', 'Harewood Ward']"
2026-01-01,318000,ALL,1,6,15,0,365.0,0.3772,Christchurch City,['Harewood Ward']
2026-01-01,318300,ALL,1,6,12,0,539.0,0.1383,Christchurch City,['Waimairi Ward']
2026-01-01,318400,ALL,1,9,21,0,484.0,0.1287,Christchurch City,"['Innes Ward', 'Papanui Ward']"
2026-01-01,318800,ALL,1,12,18,0,503.0,0.0934,Christchurch City,['Papanui Ward']
2026-01-01,319000,ALL,1,6,9,0,450.0,0.09,Christchurch City,['Harewood Ward']
2026-01-01,319200,ALL,1,9,36,0,455.0,0.1459,Christchurch City,['Waimairi Ward']
2026-01-01,319300,ALL,1,6,24,0,456.0,0.1228,Christchurch City,['Hornby Ward']
2026-01-01,319400,ALL,1,6,12,0,517.0,0.138,Christchurch City,['Papanui Ward']
2026-01-01,319500,ALL,1,15,36,6,442.0,0.2913,Christchurch City,['Waimairi Ward']
2026-01-01,319700,ALL,1,6,21,0,424.0,0.2413,Christchurch City,['Waimairi Ward']
2026-01-01,319800,ALL,1,9,24,0,458.0,0.2364,Christchurch City,['Hornby Ward']
2026-01-01,319900,ALL,1,9,12,3,545.0,0.1898,Christchurch City,"['Fendalton Ward', 'Papanui Ward']"
2026-01-01,320100,ALL,1,9,12,0,526.0,0.1949,Christchurch City,['Papanui Ward']
2026-01-01,320200,ALL,1,6,18,0,547.0,0.1098,Christchurch City,"['Waimairi Ward', 'Fendalton Ward']"
2026-01-01,320300,ALL,1,6,36,3,383.0,0.2131,Christchurch City,['Hornby Ward']
2026-01-01,320500,ALL,1,6,33,0,474.0,0.0998,Christchurch City,['Papanui Ward']
2026-01-01,320600,ALL,1,12,39,3,440.0,0.1344,Christchurch City,['Fendalton Ward']
2026-01-01,320700,ALL,1,6,21,0,440.0,0.1054,Christchurch City,['Riccarton Ward']
2026-01-01,320800,ALL,1,6,27,0,429.0,0.1144,Christchurch City,"['Fendalton Ward', 'Papanui Ward']"
2026-01-01,320900,ALL,1,6,57,3,454.0,0.1771,Christchurch City,['Papanui Ward']
2026-01-01,321000,ALL,1,9,30,0,238.0,0.1231,Christchurch City,"['Hornby Ward', 'Riccarton Ward']"
2026-01-01,321100,ALL,1,9,12,3,521.0,0.1478,Christchurch City,['Hornby Ward']
2026-01-01,321200,ALL,1,6,3,0,289.0,0.5624,Christchurch City,['Riccarton Ward']
2026-01-01,321300,ALL,1,6,15,3,373.0,0.3538,Christchurch City,"['Burwood Ward', 'Innes Ward']"
2026-01-01,321400,ALL,1,6,12,0,389.0,0.1719,Christchurch City,['Fendalton Ward']
2026-01-01,321500,ALL,1,12,18,0,410.0,0.3262,Christchurch City,['Fendalton Ward']
2026-01-01,321700,ALL,1,6,30,0,398.0,0.2856,Christchurch City,['Innes Ward']
2026-01-01,321800,ALL,1,12,15,0,471.0,0.1447,Christchurch City,['Riccarton Ward']
2026-01-01,321900,ALL,1,15,30,3,610.0,0.4096,Christchurch City,['Halswell Ward']
2026-01-01,322000,ALL,1,9,30,0,636.0,0.1623,Christchurch City,['Riccarton Ward']
2026-01-01,322100,ALL,1,6,12,0,604.0,0.1164,Christchurch City,"['Innes Ward', 'Papanui Ward']"
2026-01-01,322200,ALL,1,15,36,0,534.0,0.2374,Christchurch City,"['Papanui Ward', 'Fendalton Ward']"
2026-01-01,322300,ALL,1,6,15,0,629.0,0.1033,Christchurch City,"['Riccarton Ward', 'Halswell Ward']"
2026-01-01,322400,ALL,1,9,15,3,291.0,0.5435,Christchurch City,"['Riccarton Ward', 'Fendalton Ward']"
2026-01-01,322600,ALL,1,6,12,0,547.0,0.3911,Christchurch City,['Fendalton Ward']
2026-01-01,322700,ALL,1,6,24,0,773.0,0.5818,Christchurch City,['Riccarton Ward']
2026-01-01,322800,ALL,1,12,48,6,644.0,0.5341,Christchurch City,['Halswell Ward']
2026-01-01,322900,ALL,1,9,21,3,649.0,0.3157,Christchurch City,['Halswell Ward']
2026-01-01,323000,ALL,1,6,24,3,540.0,0.2822,Christchurch City,['Fendalton Ward']
2026-01-01,323100,ALL,1,6,18,0,948.0,0.3941,Christchurch City,['Innes Ward']
2026-01-01,323200,ALL,1,15,57,15,342.0,0.3884,Christchurch City,['Riccarton Ward']
2026-01-01,323300,ALL,1,36,96,6,339.0,0.5439,Christchurch City,['Riccarton Ward']
2026-01-01,323400,ALL,1,6,27,3,512.0,0.2352,Christchurch City,['Innes Ward']
2026-01-01,323500,ALL,1,6,42,6,463.0,0.2039,Christchurch City,"['Riccarton Ward', 'Spreydon Ward']"
2026-01-01,323700,ALL,1,30,180,12,627.0,0.3124,Christchurch City,['Coastal Ward']
2026-01-01,323800,ALL,1,18,60,12,694.0,0.4664,Christchurch City,['Innes Ward']
2026-01-01,323900,ALL,1,6,27,3,715.0,0.4784,Christchurch City,"['Central Ward', 'Fendalton Ward']"
2026-01-01,324000,ALL,1,54,192,24,635.0,0.3041,Christchurch City,['Burwood Ward']
2026-01-01,324200,ALL,1,6,18,0,501.0,0.2104,Christchurch City,['Riccarton Ward']
2026-01-01,324300,ALL,1,9,30,3,462.0,0.201,Christchurch City,['Halswell Ward']
2026-01-01,324400,ALL,1,12,15,0,568.0,0.1275,Christchurch City,['Riccarton Ward']
2026-01-01,324500,ALL,1,6,9,0,581.0,0.0552,Christchurch City,['Halswell Ward']
2026-01-01,324600,ALL,1,6,9,3,544.0,0.1321,Christchurch City,['Burwood Ward']
2026-01-01,324800,ALL,1,9,42,6,524.0,0.4098,Christchurch City,"['Central Ward', 'Innes Ward']"
2026-01-01,325000,ALL,1,15,72,3,535.0,0.1938,Christchurch City,"['Halswell Ward', 'Spreydon Ward']"
2026-01-01,325100,ALL,1,6,18,3,556.0,0.0795,Christchurch City,['Coastal Ward']
2026-01-01,325200,ALL,1,12,36,3,587.0,0.2154,Christchurch City,['Riccarton Ward']
2026-01-01,325300,ALL,1,6,30,0,417.0,0.3671,Christchurch City,"['Central Ward', 'Innes Ward']"
2026-01-01,325700,ALL,1,9,27,0,626.0,0.298,Christchurch City,['Central Ward']
2026-01-01,325800,ALL,1,21,81,9,539.0,0.4041,Christchurch City,['Central Ward']
2026-01-01,325900,ALL,1,15,57,9,562.0,0.4418,Christchurch City,"['Innes Ward', 'Central Ward']"
2026-01-01,326100,ALL,1,6,24,0,673.0,0.3656,Christchurch City,['Spreydon Ward']
2026-01-01,326300,ALL,1,84,303,60,341.0,0.49,Christchurch City,['Halswell Ward']
2026-01-01,326400,ALL,1,12,48,3,649.0,0.2947,Christchurch City,"['Spreydon Ward', 'Central Ward']"
2026-01-01,326500,ALL,1,81,312,54,494.0,0.6287,Christchurch City,['Burwood Ward']
2026-01-01,326600,ALL,1,12,21,0,648.0,0.166,Christchurch City,['Central Ward']
2026-01-01,326700,ALL,1,84,297,63,407.0,0.5498,Christchurch City,['Spreydon Ward']
2026-01-01,326800,ALL,1,87,282,63,377.0,0.5218,Christchurch City,['Central Ward']
2026-01-01,326900,ALL,1,48,171,30,337.0,0.5325,Christchurch City,['Spreydon Ward']
2026-01-01,327000,ALL,1,12,30,0,346.0,0.4496,Christchurch City,['Central Ward']
2026-01-01,327100,ALL,1,51,153,24,514.0,0.5412,Christchurch City,['Central Ward']
2026-01-01,327200,ALL,1,60,228,54,464.0,0.512,Christchurch City,['Coastal Ward']
2026-01-01,327300,ALL,1,27,102,6,533.0,0.3204,Christchurch City,['Halswell Ward']
2026-01-01,327400,ALL,1,126,402,45,371.0,0.4994,Christchurch City,"['Central Ward', 'Spreydon Ward']"
2026-01-01,327600,ALL,1,9,75,15,528.0,0.4269,Christchurch City,['Spreydon Ward']
2026-01-01,327700,ALL,1,63,210,27,427.0,0.4869,Christchurch City,"['Spreydon Ward', 'Halswell Ward']"
2026-01-01,327900,ALL,1,6,6,0,573.0,0.0654,Christchurch City,"['Central Ward', 'Linwood Ward']"
2026-01-01,328000,ALL,1,6,21,3,550.0,0.076,Christchurch City,['Halswell Ward']
2026-01-01,328100,ALL,1,27,78,9,529.0,0.2067,Christchurch City,['Central Ward']
2026-01-01,328200,ALL,1,9,9,3,469.0,0.17,Christchurch City,['Spreydon Ward']
2026-01-01,328300,ALL,1,6,27,0,490.0,0.3461,Christchurch City,['Coastal Ward']
2026-01-01,328400,ALL,1,15,78,3,490.0,0.3174,Christchurch City,"['Burwood Ward', 'Linwood Ward']"
2026-01-01,328500,ALL,1,9,42,0,718.0,0.2953,Christchurch City,"['Central Ward', 'Linwood Ward']"
2026-01-01,328600,ALL,1,6,18,0,692.0,0.2499,Christchurch City,['Burwood Ward']
2026-01-01,328700,ALL,1,21,57,3,539.0,0.2225,Christchurch City,['Heathcote Ward']
2026-01-01,328800,ALL,1,6,27,3,610.0,0.2259,Christchurch City,"['Linwood Ward', 'Central Ward', 'Heathcote Ward']"
2026-01-01,328900,ALL,1,21,66,9,547.0,0.2178,Christchurch City,"['Linwood Ward', 'Central Ward']"
2026-01-01,329000,ALL,1,9,42,3,332.0,0.4717,Christchurch City,['Halswell Ward']
2026-01-01,329100,ALL,1,9,21,0,371.0,0.6863,Christchurch City,['Cashmere Ward']
2026-01-01,329200,ALL,1,15,27,6,393.0,0.2885,Christchurch City,"['Cashmere Ward', 'Spreydon Ward']"
2026-01-01,329300,ALL,1,12,30,3,531.0,0.1767,Christchurch City,['Linwood Ward']
2026-01-01,329400,ALL,1,6,6,0,458.0,0.3659,Christchurch City,['Heathcote Ward']
2026-01-01,329600,ALL,1,15,30,3,490.0,0.1902,Christchurch City,['Linwood Ward']
2026-01-01,329700,ALL,1,9,15,0,507.0,0.2189,Christchurch City,['Heathcote Ward']
2026-01-01,329800,ALL,1,9,21,3,512.0,0.1689,Christchurch City,['Burwood Ward']
2026-01-01,329900,ALL,1,6,27,3,383.0,0.1667,Christchurch City,['Heathcote Ward']
2026-01-01,330000,ALL,1,9,48,3,401.0,0.2162,Christchurch City,"['Halswell Ward', 'Cashmere Ward']"
2026-01-01,330100,ALL,1,24,39,3,543.0,0.0953,Christchurch City,['Linwood Ward']
2026-01-01,330200,ALL,1,6,15,0,653.0,0.1818,Christchurch City,['Coastal Ward']
2026-01-01,330400,ALL,1,30,105,6,355.0,0.3912,Christchurch City,['Linwood Ward']
2026-01-01,330500,ALL,1,9,42,6,436.0,0.1825,Christchurch City,['Linwood Ward']
2026-01-01,330600,ALL,1,15,60,6,441.0,0.1621,Christchurch City,['Cashmere Ward']
2026-01-01,330800,ALL,1,6,15,0,570.0,0.126,Christchurch City,['Cashmere Ward']
2026-01-01,330900,ALL,1,21,54,0,514.0,0.2044,Christchurch City,['Heathcote Ward']
2026-01-01,331100,ALL,1,15,66,6,382.0,0.307,Christchurch City,"['Linwood Ward', 'Heathcote Ward']"
2026-01-01,331200,ALL,1,21,39,3,472.0,0.1317,Christchurch City,['Cashmere Ward']
2026-01-01,331300,ALL,1,9,27,0,384.0,0.4455,Christchurch City,['Cashmere Ward']
2026-01-01,331400,ALL,1,39,138,6,346.0,0.4368,Christchurch City,"['Heathcote Ward', 'Cashmere Ward']"
2026-01-01,331700,ALL,1,24,69,3,472.0,0.3922,Christchurch City,['Coastal Ward']
2026-01-01,331800,ALL,1,9,24,0,521.0,0.1036,Christchurch City,['Heathcote Ward']
2026-01-01,332100,ALL,1,6,21,3,520.0,0.1732,Christchurch City,['Heathcote Ward']
2026-01-01,332500,ALL,1,9,30,3,500.0,0.1095,Christchurch City,['Banks Peninsula Ward']
2026-01-01,332700,ALL,1,15,18,0,382.0,0.3731,Christchurch City,['Heathcote Ward']
2026-01-01,319200,Room,ALL,69,138,51,1073.0,0.1678,Christchurch City,['Waimairi Ward']
2026-01-01,320200,Room,ALL,18,45,18,795.0,1.2579,Christchurch City,"['Waimairi Ward', 'Fendalton Ward']"
2026-01-01,323500,Room,ALL,6,12,0,494.0,0.8735,Christchurch City,"['Riccarton Ward', 'Spreydon Ward']"
2026-01-01,324400,Room,ALL,9,42,0,541.0,0.1603,Christchurch City,['Riccarton Ward']
2026-01-01,326100,Room,ALL,12,57,6,557.0,0.135,Christchurch City,['Spreydon Ward']
2026-01-01,319200,Room,1,6,66,3,555.0,0.1832,Christchurch City,['Waimairi Ward']
2026-01-01,320200,Room,1,24,183,15,697.0,0.13,Christchurch City,"['Waimairi Ward', 'Fendalton Ward']"
2026-01-01,323500,Room,1,12,195,12,576.0,0.3345,Christchurch City,"['Riccarton Ward', 'Spreydon Ward']"
2026-01-01,324400,Room,1,6,42,6,628.0,0.1374,Christchurch City,['Riccarton Ward']
2026-01-01,326100,Room,1,15,108,6,645.0,0.1857,Christchurch City,['Spreydon Ward']
2026-01-01,319500,House,5+,24,258,18,800.0,0.4185,Christchurch City,['Waimairi Ward']
2026-01-01,320200,House,5+,60,531,39,710.0,0.2639,Christchurch City,"['Waimairi Ward', 'Fendalton Ward']"
2026-01-01,320700,House,5+,21,273,21,685.0,0.3419,Christchurch City,['Riccarton Ward']
2026-01-01,321000,House,5+,33,132,18,622.0,0.2226,Christchurch City,"['Hornby Ward', 'Riccarton Ward']"
2026-01-01,321200,House,5+,18,177,27,812.0,0.1795,Christchurch City,['Riccarton Ward']
2026-01-01,321800,House,5+,27,252,24,709.0,0.2276,Christchurch City,['Riccarton Ward']
2026-01-01,322000,House,5+,15,288,21,802.0,0.1818,Christchurch City,['Riccarton Ward']
2026-01-01,322700,House,5+,18,240,18,781.0,0.1726,Christchurch City,['Riccarton Ward']
2026-01-01,323300,House,5+,6,126,9,744.0,0.3768,Christchurch City,['Riccarton Ward']
2026-01-01,323500,House,5+,27,243,18,744.0,0.2891,Christchurch City,"['Riccarton Ward', 'Spreydon Ward']"
2026-01-01,324400,House,5+,21,270,21,749.0,0.3505,Christchurch City,['Riccarton Ward']
2026-01-01,325200,House,5+,36,348,27,754.0,0.2562,Christchurch City,['Riccarton Ward']
2026-01-01,316600,House,ALL,6,123,12,654.0,0.1754,Christchurch City,"['Hornby Ward', 'Harewood Ward']"
2026-01-01,316800,House,ALL,6,69,6,758.0,0.2259,Christchurch City,['Harewood Ward']
2026-01-01,316900,House,ALL,18,171,12,653.0,0.284,Christchurch City,['Harewood Ward']
2026-01-01,317000,House,ALL,15,180,24,741.0,0.2244,Christchurch City,['Harewood Ward']
2026-01-01,317300,House,ALL,6,39,3,534.0,0.3171,Christchurch City,['Innes Ward']
2026-01-01,317400,House,ALL,9,114,12,512.0,0.118,Christchurch City,['Harewood Ward']
2026-01-01,317700,House,ALL,15,153,6,611.0,0.084,Christchurch City,['Waimairi Ward']
2026-01-01,317800,House,ALL,6,54,0,674.0,0.1303,Christchurch City,['Harewood Ward']
2026-01-01,317900,House,ALL,12,165,9,626.0,0.0644,Christchurch City,"['Papanui Ward', 'Harewood Ward']"
2026-01-01,318000,House,ALL,15,150,15,580.0,0.3046,Christchurch City,['Harewood Ward']
2026-01-01,318100,House,ALL,75,306,18,631.0,0.0942,Christchurch City,['Hornby Ward']
2026-01-01,318300,House,ALL,153,924,87,618.0,0.0989,Christchurch City,['Waimairi Ward']
2026-01-01,318400,House,ALL,9,75,12,741.0,0.1171,Christchurch City,"['Innes Ward', 'Papanui Ward']"
2026-01-01,318500,House,ALL,9,48,6,691.0,0.237,Christchurch City,['Waimairi Ward']
2026-01-01,318600,House,ALL,30,225,27,517.0,0.4793,Christchurch City,['Papanui Ward']
2026-01-01,318700,House,ALL,33,207,24,651.0,0.2256,Christchurch City,['Hornby Ward']
2026-01-01,318800,House,ALL,9,102,9,524.0,0.3897,Christchurch City,['Papanui Ward']
2026-01-01,318900,House,ALL,6,45,3,412.0,0.3516,Christchurch City,['Waimairi Ward']
2026-01-01,319000,House,ALL,12,135,15,507.0,0.2167,Christchurch City,['Harewood Ward']
2026-01-01,319200,House,ALL,9,51,6,564.0,0.2263,Christchurch City,['Waimairi Ward']
2026-01-01,319300,House,ALL,12,111,9,528.0,0.1235,Christchurch City,['Hornby Ward']
2026-01-01,319400,House,ALL,12,147,6,508.0,0.1704,Christchurch City,['Papanui Ward']
2026-01-01,319500,House,ALL,12,135,15,514.0,0.1172,Christchurch City,['Waimairi Ward']
2026-01-01,319600,House,ALL,9,60,6,556.0,0.1319,Christchurch City,['Papanui Ward']
2026-01-01,319700,House,ALL,6,57,3,480.0,0.0984,Christchurch City,['Waimairi Ward']
2026-01-01,319800,House,ALL,21,177,12,482.0,0.1546,Christchurch City,['Hornby Ward']
2026-01-01,319900,House,ALL,12,135,12,457.0,0.1255,Christchurch City,"['Fendalton Ward', 'Papanui Ward']"
2026-01-01,320100,House,ALL,15,123,9,510.0,0.1559,Christchurch City,['Papanui Ward']
2026-01-01,320200,House,ALL,27,207,18,458.0,0.255,Christchurch City,"['Waimairi Ward', 'Fendalton Ward']"
2026-01-01,320300,House,ALL,9,135,15,504.0,0.1963,Christchurch City,['Hornby Ward']
2026-01-01,320500,House,ALL,15,114,3,465.0,0.2053,Christchurch City,['Papanui Ward']
2026-01-01,320600,House,ALL,6,87,3,498.0,0.1054,Christchurch City,['Fendalton Ward']
2026-01-01,320700,House,ALL,6,42,3,520.0,0.2945,Christchurch City,['Riccarton Ward']
2026-01-01,320800,House,ALL,9,78,3,556.0,0.176,Christchurch City,"['Fendalton Ward', 'Papanui Ward']"
2026-01-01,320900,House,ALL,6,87,6,492.0,0.1848,Christchurch City,['Papanui Ward']
2026-01-01,321000,House,ALL,9,114,9,418.0,0.1654,Christchurch City,"['Hornby Ward', 'Riccarton Ward']"
2026-01-01,321100,House,ALL,12,111,12,531.0,0.1968,Christchurch City,['Hornby Ward']
2026-01-01,321200,House,ALL,12,72,6,530.0,0.1114,Christchurch City,['Riccarton Ward']
2026-01-01,321300,House,ALL,6,108,9,477.0,0.2037,Christchurch City,"['Burwood Ward', 'Innes Ward']"
2026-01-01,321400,House,ALL,12,168,18,492.0,0.0997,Christchurch City,['Fendalton Ward']
2026-01-01,321500,House,ALL,24,174,18,462.0,0.1287,Christchurch City,['Fendalton Ward']
2026-01-01,321600,House,ALL,9,135,3,438.0,0.0998,Christchurch City,['Burwood Ward']
2026-01-01,321700,House,ALL,6,45,3,429.0,0.1144,Christchurch City,['Innes Ward']
2026-01-01,321800,House,ALL,15,162,15,481.0,0.1402,Christchurch City,['Riccarton Ward']
2026-01-01,321900,House,ALL,12,132,6,492.0,0.1807,Christchurch City,['Halswell Ward']
2026-01-01,322000,House,ALL,6,120,0,390.0,0.3121,Christchurch City,['Riccarton Ward']
2026-01-01,322100,House,ALL,6,63,6,445.0,0.1583,Christchurch City,"['Innes Ward', 'Papanui Ward']"
2026-01-01,322200,House,ALL,15,90,3,435.0,0.2874,Christchurch City,"['Papanui Ward', 'Fendalton Ward']"
2026-01-01,322400,House,ALL,6,66,6,511.0,0.062,Christchurch City,"['Riccarton Ward', 'Fendalton Ward']"
2026-01-01,322500,House,ALL,15,123,15,472.0,0.1952,Christchurch City,['Halswell Ward']
2026-01-01,322600,House,ALL,9,78,6,495.0,0.1197,Christchurch City,['Fendalton Ward']
2026-01-01,322700,House,ALL,9,72,12,587.0,0.4799,Christchurch City,['Riccarton Ward']
2026-01-01,322800,House,ALL,30,291,15,723.0,0.2209,Christchurch City,['Halswell Ward']
2026-01-01,322900,House,ALL,33,291,27,693.0,0.1291,Christchurch City,['Halswell Ward']
2026-01-01,323000,House,ALL,6,21,3,331.0,0.1116,Christchurch City,['Fendalton Ward']
2026-01-01,323100,House,ALL,12,66,6,631.0,0.1447,Christchurch City,['Innes Ward']
2026-01-01,323200,House,ALL,18,153,9,540.0,0.2076,Christchurch City,['Riccarton Ward']
2026-01-01,323300,House,ALL,9,132,12,626.0,0.0979,Christchurch City,['Riccarton Ward']
2026-01-01,323400,House,ALL,9,48,6,323.0,0.4926,Christchurch City,['Innes Ward']
2026-01-01,323500,House,ALL,6,15,0,539.0,0.4905,Christchurch City,"['Riccarton Ward', 'Spreydon Ward']"
2026-01-01,323600,House,ALL,18,150,27,790.0,0.533,Christchurch City,['Halswell Ward']
2026-01-01,323700,House,ALL,39,324,48,871.0,0.2319,Christchurch City,['Coastal Ward']
2026-01-01,323800,House,ALL,12,108,15,891.0,0.1965,Christchurch City,['Innes Ward']
2026-01-01,323900,House,ALL,12,153,21,826.0,0.2674,Christchurch City,"['Central Ward', 'Fendalton Ward']"
2026-01-01,324000,House,ALL,15,102,9,804.0,0.2734,Christchurch City,['Burwood Ward']
2026-01-01,324100,House,ALL,18,123,15,691.0,0.2701,Christchurch City,['Halswell Ward']
2026-01-01,324200,House,ALL,18,105,9,683.0,0.2615,Christchurch City,['Riccarton Ward']
2026-01-01,324300,House,ALL,12,66,6,652.0,0.6818,Christchurch City,['Halswell Ward']
2026-01-01,324400,House,ALL,6,57,0,1503.0,0.4034,Christchurch City,['Riccarton Ward']
2026-01-01,324500,House,ALL,21,144,24,465.0,0.5982,Christchurch City,['Halswell Ward']
2026-01-01,324600,House,ALL,21,282,27,910.0,0.3145,Christchurch City,['Burwood Ward']
2026-01-01,324800,House,ALL,15,180,21,911.0,0.4197,Christchurch City,"['Central Ward', 'Innes Ward']"
2026-01-01,325000,House,ALL,9,63,3,543.0,0.5427,Christchurch City,"['Halswell Ward', 'Spreydon Ward']"
2026-01-01,325100,House,ALL,12,144,12,856.0,0.2232,Christchurch City,['Coastal Ward']
2026-01-01,325200,House,ALL,57,423,42,791.0,0.3281,Christchurch City,['Riccarton Ward']
2026-01-01,325300,House,ALL,18,186,18,847.0,0.3917,Christchurch City,"['Central Ward', 'Innes Ward']"
2026-01-01,325400,House,ALL,15,156,18,731.0,0.4689,Christchurch City,['Halswell Ward']
2026-01-01,325600,House,ALL,96,738,78,942.0,0.3608,Christchurch City,['Burwood Ward']
2026-01-01,325700,House,ALL,6,57,3,596.0,0.1794,Christchurch City,['Central Ward']
2026-01-01,325800,House,ALL,6,42,6,483.0,0.071,Christchurch City,['Central Ward']
2026-01-01,325900,House,ALL,12,123,15,530.0,0.161,Christchurch City,"['Innes Ward', 'Central Ward']"
2026-01-01,326000,House,ALL,12,84,3,566.0,0.3233,Christchurch City,['Coastal Ward']
2026-01-01,326100,House,ALL,18,180,12,483.0,0.2026,Christchurch City,['Spreydon Ward']
2026-01-01,326300,House,ALL,15,117,12,582.0,0.1107,Christchurch City,['Halswell Ward']
2026-01-01,326400,House,ALL,6,84,15,611.0,0.111,Christchurch City,"['Spreydon Ward', 'Central Ward']"
2026-01-01,326500,House,ALL,9,69,12,579.0,0.1309,Christchurch City,['Burwood Ward']
2026-01-01,326600,House,ALL,30,111,24,674.0,0.2699,Christchurch City,['Central Ward']
2026-01-01,326700,House,ALL,6,69,6,636.0,0.2558,Christchurch City,['Spreydon Ward']
2026-01-01,326800,House,ALL,9,93,6,617.0,0.0946,Christchurch City,['Central Ward']
2026-01-01,326900,House,ALL,39,309,51,554.0,0.1629,Christchurch City,['Spreydon Ward']
2026-01-01,327000,House,ALL,6,78,12,569.0,0.1278,Christchurch City,['Central Ward']
2026-01-01,327100,House,ALL,30,162,15,603.0,0.3263,Christchurch City,['Central Ward']
2026-01-01,327200,House,ALL,6,72,9,589.0,0.296,Christchurch City,['Coastal Ward']
2026-01-01,327300,House,ALL,27,168,33,756.0,0.3075,Christchurch City,['Halswell Ward']
2026-01-01,327400,House,ALL,42,222,33,687.0,0.393,Christchurch City,"['Central Ward', 'Spreydon Ward']"
2026-01-01,327500,House,ALL,36,198,30,678.0,0.4075,Christchurch City,['Burwood Ward']
2026-01-01,327600,House,ALL,9,96,12,649.0,0.3368,Christchurch City,['Spreydon Ward']
2026-01-01,327700,House,ALL,123,399,81,670.0,0.5553,Christchurch City,"['Spreydon Ward', 'Halswell Ward']"
2026-01-01,327800,House,ALL,21,144,27,622.0,0.3563,Christchurch City,"['Linwood Ward', 'Central Ward']"
2026-01-01,327900,House,ALL,348,525,282,966.0,0.4262,Christchurch City,"['Central Ward', 'Linwood Ward']"
2026-01-01,328000,House,ALL,15,114,12,565.0,0.3406,Christchurch City,['Halswell Ward']
2026-01-01,328100,House,ALL,153,246,99,798.0,0.6021,Christchurch City,['Central Ward']
2026-01-01,328200,House,ALL,9,123,9,582.0,0.1184,Christchurch City,['Spreydon Ward']
2026-01-01,328300,House,ALL,153,246,99,881.0,0.5765,Christchurch City,['Coastal Ward']
2026-01-01,328400,House,ALL,90,255,63,634.0,0.5657,Christchurch City,"['Burwood Ward', 'Linwood Ward']"
2026-01-01,328500,House,ALL,6,105,12,656.0,0.3723,Christchurch City,"['Central Ward', 'Linwood Ward']"
2026-01-01,328600,House,ALL,114,189,87,941.0,0.3281,Christchurch City,['Burwood Ward']
2026-01-01,328700,House,ALL,168,330,120,851.0,0.373,Christchurch City,['Heathcote Ward']
2026-01-01,328800,House,ALL,45,315,36,576.0,0.2704,Christchurch City,"['Linwood Ward', 'Central Ward', 'Heathcote Ward']"
2026-01-01,328900,House,ALL,111,231,57,516.0,0.713,Christchurch City,"['Linwood Ward', 'Central Ward']"
2026-01-01,329000,House,ALL,15,192,18,549.0,0.3836,Christchurch City,['Halswell Ward']
2026-01-01,329100,House,ALL,12,99,9,631.0,0.2328,Christchurch City,['Cashmere Ward']
2026-01-01,329200,House,ALL,72,270,45,491.0,0.5058,Christchurch City,"['Cashmere Ward', 'Spreydon Ward']"
2026-01-01,329300,House,ALL,6,63,6,581.0,0.0764,Christchurch City,['Linwood Ward']
2026-01-01,329400,House,ALL,12,96,9,540.0,0.0696,Christchurch City,['Heathcote Ward']
2026-01-01,329500,House,ALL,33,276,30,546.0,0.1714,Christchurch City,"['Cashmere Ward', 'Spreydon Ward']"
2026-01-01,329600,House,ALL,12,111,9,739.0,0.2109,Christchurch City,['Linwood Ward']
2026-01-01,329700,House,ALL,12,105,15,492.0,0.2252,Christchurch City,['Heathcote Ward']
2026-01-01,329800,House,ALL,6,123,12,584.0,0.1503,Christchurch City,['Burwood Ward']
2026-01-01,329900,House,ALL,30,267,21,543.0,0.1989,Christchurch City,['Heathcote Ward']
2026-01-01,330000,House,ALL,27,126,24,780.0,0.2535,Christchurch City,"['Halswell Ward', 'Cashmere Ward']"
2026-01-01,330100,House,ALL,15,147,21,640.0,0.3904,Christchurch City,['Linwood Ward']
2026-01-01,330200,House,ALL,6,66,6,664.0,0.2729,Christchurch City,['Coastal Ward']
2026-01-01,330300,House,ALL,6,60,9,510.0,0.1858,Christchurch City,['Cashmere Ward']
2026-01-01,330400,House,ALL,24,255,30,575.0,0.1672,Christchurch City,['Linwood Ward']
2026-01-01,330500,House,ALL,21,123,15,556.0,0.3851,Christchurch City,['Linwood Ward']
2026-01-01,330600,House,ALL,6,69,9,730.0,0.2832,Christchurch City,['Cashmere Ward']
2026-01-01,330800,House,ALL,39,222,24,586.0,0.2329,Christchurch City,['Cashmere Ward']
2026-01-01,330900,House,ALL,21,156,12,420.0,0.4972,Christchurch City,['Heathcote Ward']
2026-01-01,331100,House,ALL,12,123,21,610.0,0.166,Christchurch City,"['Linwood Ward', 'Heathcote Ward']"
2026-01-01,331200,House,ALL,6,39,6,497.0,0.188,Christchurch City,['Cashmere Ward']
2026-01-01,331300,House,ALL,6,36,3,405.0,0.2084,Christchurch City,['Cashmere Ward']
2026-01-01,331400,House,ALL,6,96,9,426.0,0.1187,Christchurch City,"['Heathcote Ward', 'Cashmere Ward']"
2026-01-01,331700,House,ALL,21,174,21,425.0,0.2545,Christchurch City,['Coastal Ward']
2026-01-01,331800,House,ALL,9,96,9,478.0,0.1362,Christchurch City,['Heathcote Ward']
2026-01-01,331900,House,ALL,9,165,12,514.0,0.1977,Christchurch City,['Heathcote Ward']
2026-01-01,332000,House,ALL,6,54,6,345.0,0.3548,Christchurch City,['Heathcote Ward']
2026-01-01,332100,House,ALL,18,123,9,470.0,0.2215,Christchurch City,['Heathcote Ward']
2026-01-01,332400,House,ALL,9,72,3,431.0,0.167,Christchurch City,['Heathcote Ward']
2026-01-01,332500,House,ALL,12,99,6,516.0,0.2146,Christchurch City,['Banks Peninsula Ward']
2026-01-01,332700,House,ALL,15,195,12,498.0,0.2267,Christchurch City,['Heathcote Ward']
2026-01-01,319900,House,4,9,123,3,612.0,0.1109,Christchurch City,"['Fendalton Ward', 'Papanui Ward']"
2026-01-01,320200,House,4,9,126,6,674.0,0.0775,Christchurch City,"['Waimairi Ward', 'Fendalton Ward']"
2026-01-01,320700,House,4,6,114,9,840.0,0.0918,Christchurch City,['Riccarton Ward']
2026-01-01,321200,House,4,6,192,21,706.0,0.1902,Christchurch City,['Riccarton Ward']
2026-01-01,321600,House,4,6,132,12,667.0,0.0696,Christchurch City,['Burwood Ward']
2026-01-01,321800,House,4,9,201,15,632.0,0.1322,Christchurch City,['Riccarton Ward']
2026-01-01,322000,House,4,9,87,6,778.0,0.1425,Christchurch City,['Riccarton Ward']
2026-01-01,322700,House,4,6,99,6,686.0,0.039,Christchurch City,['Riccarton Ward']
2026-01-01,322800,House,4,12,177,15,622.0,0.0838,Christchurch City,['Halswell Ward']
2026-01-01,322900,House,4,6,51,3,1275.0,0.5329,Christchurch City,['Halswell Ward']
2026-01-01,323100,House,4,6,54,3,1114.0,0.1625,Christchurch City,['Innes Ward']
2026-01-01,323300,House,4,9,126,12,884.0,0.1535,Christchurch City,['Riccarton Ward']
2026-01-01,323400,House,4,9,144,9,637.0,0.0613,Christchurch City,['Innes Ward']
2026-01-01,325400,House,4,6,93,6,881.0,0.0762,Christchurch City,['Halswell Ward']
2026-01-01,327400,House,4,15,180,12,662.0,0.0593,Christchurch City,"['Central Ward', 'Spreydon Ward']"
2026-01-01,329000,House,4,6,132,6,640.0,0.0352,Christchurch City,['Halswell Ward']
2026-01-01,330200,House,4,6,108,9,509.0,0.648,Christchurch City,['Coastal Ward']
2026-01-01,330300,House,4,9,198,12,661.0,0.0445,Christchurch City,['Cashmere Ward']
2026-01-01,318000,House,3,6,93,12,617.0,0.0465,Christchurch City,['Harewood Ward']
2026-01-01,318300,House,3,6,66,6,624.0,0.0437,Christchurch City,['Waimairi Ward']
2026-01-01,319200,House,3,6,84,6,607.0,0.117,Christchurch City,['Waimairi Ward']
2026-01-01,319300,House,3,6,84,3,590.0,0.0573,Christchurch City,['Hornby Ward']
2026-01-01,319500,House,3,6,120,3,601.0,0.0298,Christchurch City,['Waimairi Ward']
2026-01-01,319600,House,3,9,54,3,529.0,0.3451,Christchurch City,['Papanui Ward']
2026-01-01,319700,House,3,6,72,6,665.0,0.0802,Christchurch City,['Waimairi Ward']
2026-01-01,319800,House,3,6,72,6,710.0,0.0551,Christchurch City,['Hornby Ward']
2026-01-01,319900,House,3,6,63,6,676.0,0.0655,Christchurch City,"['Fendalton Ward', 'Papanui Ward']"
2026-01-01,320200,House,3,6,90,9,552.0,0.0889,Christchurch City,"['Waimairi Ward', 'Fendalton Ward']"
2026-01-01,320700,House,3,12,63,6,572.0,0.0567,Christchurch City,['Riccarton Ward']
2026-01-01,321000,House,3,12,87,6,564.0,0.1217,Christchurch City,"['Hornby Ward', 'Riccarton Ward']"
2026-01-01,321300,House,3,6,30,3,597.0,0.1952,Christchurch City,"['Burwood Ward', 'Innes Ward']"
2026-01-01,321800,House,3,6,36,3,622.0,0.0451,Christchurch City,['Riccarton Ward']
2026-01-01,321900,House,3,6,90,6,579.0,0.0497,Christchurch City,['Halswell Ward']
2026-01-01,322600,House,3,9,60,9,559.0,0.1071,Christchurch City,['Fendalton Ward']
2026-01-01,322700,House,3,6,51,6,567.0,0.0484,Christchurch City,['Riccarton Ward']
2026-01-01,322900,House,3,6,27,3,305.0,0.4956,Christchurch City,['Halswell Ward']
2026-01-01,323000,House,3,6,87,15,643.0,0.1302,Christchurch City,['Fendalton Ward']
2026-01-01,323200,House,3,9,111,3,579.0,0.0733,Christchurch City,['Riccarton Ward']
2026-01-01,323300,House,3,6,72,9,575.0,0.0429,Christchurch City,['Riccarton Ward']
2026-01-01,323800,House,3,6,81,6,535.0,0.0672,Christchurch City,['Innes Ward']
2026-01-01,324400,House,3,6,45,3,575.0,0.1015,Christchurch City,['Riccarton Ward']
2026-01-01,324500,House,3,6,69,3,797.0,0.1598,Christchurch City,['Halswell Ward']
2026-01-01,324800,House,3,6,84,6,368.0,0.9395,Christchurch City,"['Central Ward', 'Innes Ward']"
2026-01-01,325000,House,3,12,60,6,723.0,0.0708,Christchurch City,"['Halswell Ward', 'Spreydon Ward']"
2026-01-01,325300,House,3,6,24,0,725.0,0.1398,Christchurch City,"['Central Ward', 'Innes Ward']"
2026-01-01,325400,House,3,6,72,12,565.0,0.1027,Christchurch City,['Halswell Ward']
2026-01-01,325900,House,3,6,15,6,504.0,0.2018,Christchurch City,"['Innes Ward', 'Central Ward']"
2026-01-01,326100,House,3,6,60,6,547.0,0.1732,Christchurch City,['Spreydon Ward']
2026-01-01,326300,House,3,9,57,6,706.0,0.153,Christchurch City,['Halswell Ward']
2026-01-01,326800,House,3,9,63,3,570.0,0.197,Christchurch City,['Central Ward']
2026-01-01,326900,House,3,6,78,3,591.0,0.0508,Christchurch City,['Spreydon Ward']
2026-01-01,327000,House,3,6,9,0,462.0,0.0288,Christchurch City,['Central Ward']
2026-01-01,327300,House,3,6,102,18,711.0,0.0758,Christchurch City,['Halswell Ward']
2026-01-01,327400,House,3,9,60,6,738.0,0.0841,Christchurch City,"['Central Ward', 'Spreydon Ward']"
2026-01-01,327600,House,3,6,54,3,606.0,0.0655,Christchurch City,['Spreydon Ward']
2026-01-01,327700,House,3,6,39,3,554.0,0.0763,Christchurch City,"['Spreydon Ward', 'Halswell Ward']"
2026-01-01,327900,House,3,6,48,6,640.0,0.1059,Christchurch City,"['Central Ward', 'Linwood Ward']"
2026-01-01,328000,House,3,9,27,6,594.0,0.0769,Christchurch City,['Halswell Ward']
2026-01-01,328500,House,3,6,51,0,683.0,0.111,Christchurch City,"['Central Ward', 'Linwood Ward']"
2026-01-01,328700,House,3,6,36,6,632.0,0.057,Christchurch City,['Heathcote Ward']
2026-01-01,328900,House,3,6,72,3,731.0,0.1416,Christchurch City,"['Linwood Ward', 'Central Ward']"
2026-01-01,329000,House,3,6,45,6,544.0,0.1328,Christchurch City,['Halswell Ward']
2026-01-01,329100,House,3,6,48,6,679.0,0.0764,Christchurch City,['Cashmere Ward']
2026-01-01,329200,House,3,6,108,6,639.0,0.1136,Christchurch City,"['Cashmere Ward', 'Spreydon Ward']"
2026-01-01,329400,House,3,6,39,0,634.0,0.05,Christchurch City,['Heathcote Ward']
2026-01-01,329500,House,3,6,51,6,683.0,0.1691,Christchurch City,"['Cashmere Ward', 'Spreydon Ward']"
2026-01-01,329700,House,3,9,63,6,593.0,0.097,Christchurch City,['Heathcote Ward']
2026-01-01,330600,House,3,9,36,9,737.0,0.0471,Christchurch City,['Cashmere Ward']
2026-01-01,330800,House,3,6,99,21,621.0,0.1425,Christchurch City,['Cashmere Ward']
2026-01-01,331300,House,3,9,72,9,445.0,0.6572,Christchurch City,['Cashmere Ward']
2026-01-01,331700,House,3,6,75,3,589.0,0.0969,Christchurch City,['Coastal Ward']
2026-01-01,332500,House,3,12,222,6,202.0,0.8604,Christchurch City,['Banks Peninsula Ward']
2026-01-01,332700,House,3,9,96,6,568.0,0.0943,Christchurch City,['Heathcote Ward']
2026-01-01,318400,House,2,9,33,0,701.0,0.3705,Christchurch City,"['Innes Ward', 'Papanui Ward']"
2026-01-01,319700,House,2,15,87,3,699.0,0.3079,Christchurch City,['Waimairi Ward']
2026-01-01,320500,House,2,15,48,3,294.0,0.785,Christchurch City,['Papanui Ward']
2026-01-01,320900,House,2,9,114,6,679.0,0.3161,Christchurch City,['Papanui Ward']
2026-01-01,322200,House,2,6,6,0,683.0,0.2149,Christchurch City,"['Papanui Ward', 'Fendalton Ward']"
2026-01-01,323000,House,2,6,48,3,532.0,0.1576,Christchurch City,['Fendalton Ward']
2026-01-01,323300,House,2,18,63,3,630.0,0.14,Christchurch City,['Riccarton Ward']
2026-01-01,323800,House,2,9,63,3,578.0,0.1314,Christchurch City,['Innes Ward']
2026-01-01,323900,House,2,12,36,6,499.0,0.214,Christchurch City,"['Central Ward', 'Fendalton Ward']"
2026-01-01,324400,House,2,15,24,3,574.0,0.1365,Christchurch City,['Riccarton Ward']
2026-01-01,324800,House,2,15,36,0,341.0,0.7895,Christchurch City,"['Central Ward', 'Innes Ward']"
2026-01-01,325300,House,2,9,24,3,508.0,0.4012,Christchurch City,"['Central Ward', 'Innes Ward']"
2026-01-01,325800,House,2,12,27,0,501.0,0.4896,Christchurch City,['Central Ward']
2026-01-01,326100,House,2,9,27,0,515.0,0.8079,Christchurch City,['Spreydon Ward']
2026-01-01,326800,House,2,6,21,0,679.0,0.2623,Christchurch City,['Central Ward']
2026-01-01,326900,House,2,9,21,0,619.0,0.0957,Christchurch City,['Spreydon Ward']
2026-01-01,327000,House,2,9,9,0,140.0,0.6866,Christchurch City,['Central Ward']
2026-01-01,327100,House,2,9,33,0,440.0,0.6035,Christchurch City,['Central Ward']
2026-01-01,327400,House,2,9,24,0,737.0,0.4204,Christchurch City,"['Central Ward', 'Spreydon Ward']"
2026-01-01,327600,House,2,9,12,0,631.0,0.2522,Christchurch City,['Spreydon Ward']
2026-01-01,327900,House,2,9,135,3,619.0,0.3126,Christchurch City,"['Central Ward', 'Linwood Ward']"
2026-01-01,328200,House,2,9,66,6,648.0,0.3084,Christchurch City,['Spreydon Ward']
2026-01-01,328500,House,2,12,117,3,492.0,0.261,Christchurch City,"['Central Ward', 'Linwood Ward']"
2026-01-01,328900,House,2,9,30,6,604.0,0.2701,Christchurch City,"['Linwood Ward', 'Central Ward']"
2026-01-01,329100,House,2,9,111,0,448.0,0.6161,Christchurch City,['Cashmere Ward']
2026-01-01,329400,House,2,12,45,0,524.0,0.4955,Christchurch City,['Heathcote Ward']
2026-01-01,329600,House,2,6,24,3,619.0,0.1093,Christchurch City,['Linwood Ward']
2026-01-01,329700,House,2,6,30,3,443.0,0.5635,Christchurch City,['Heathcote Ward']
2026-01-01,329900,House,2,15,108,9,750.0,0.3803,Christchurch City,['Heathcote Ward']
2026-01-01,330100,House,2,21,168,12,728.0,0.4089,Christchurch City,['Linwood Ward']
2026-01-01,330200,House,2,6,42,0,579.0,0.2724,Christchurch City,['Coastal Ward']
2025-10-01,317700,ALL,1,6,9,0,469.0,0.1441,Christchurch City,['Waimairi Ward']
2025-10-01,317900,ALL,1,9,24,0,374.0,0.209,Christchurch City,"['Papanui Ward', 'Harewood Ward']"
2025-10-01,318000,ALL,1,9,18,0,526.0,0.1103,Christchurch City,['Harewood Ward']
2025-10-01,318300,ALL,1,6,9,0,587.0,0.2004,Christchurch City,['Waimairi Ward']
2025-10-01,318400,ALL,1,6,81,3,303.0,0.2099,Christchurch City,"['Innes Ward', 'Papanui Ward']"
2025-10-01,319000,ALL,1,12,39,6,388.0,0.387,Christchurch City,['Harewood Ward']
2025-10-01,319200,ALL,1,15,51,3,411.0,0.2402,Christchurch City,['Waimairi Ward']
2025-10-01,319600,ALL,1,6,3,0,515.0,0.2675,Christchurch City,['Papanui Ward']
2025-10-01,319700,ALL,1,9,27,0,444.0,0.2505,Christchurch City,['Waimairi Ward']
2025-10-01,319900,ALL,1,15,51,0,382.0,0.4343,Christchurch City,"['Fendalton Ward', 'Papanui Ward']"
2025-10-01,320200,ALL,1,15,21,0,474.0,0.2595,Christchurch City,"['Waimairi Ward', 'Fendalton Ward']"
2025-10-01,320300,ALL,1,6,18,0,355.0,0.5339,Christchurch City,['Hornby Ward']
2025-10-01,320600,ALL,1,18,105,3,350.0,0.505,Christchurch City,['Fendalton Ward']
2025-10-01,320700,ALL,1,9,48,3,501.0,0.1384,Christchurch City,['Riccarton Ward']
2025-10-01,321000,ALL,1,6,15,0,461.0,0.2597,Christchurch City,"['Hornby Ward', 'Riccarton Ward']"
2025-10-01,321100,ALL,1,6,18,3,486.0,0.3023,Christchurch City,['Hornby Ward']
2025-10-01,321200,ALL,1,6,24,0,446.0,0.1808,Christchurch City,['Riccarton Ward']
2025-10-01,321400,ALL,1,6,84,9,450.0,0.0586,Christchurch City,['Fendalton Ward']
2025-10-01,321700,ALL,1,12,216,18,461.0,0.3327,Christchurch City,['Innes Ward']
2025-10-01,321800,ALL,1,9,129,6,525.0,0.079,Christchurch City,['Riccarton Ward']
2025-10-01,321900,ALL,1,12,159,9,511.0,0.0686,Christchurch City,['Halswell Ward']
2025-10-01,322000,ALL,1,6,36,3,548.0,0.2635,Christchurch City,['Riccarton Ward']
2025-10-01,322100,ALL,1,6,15,3,492.0,0.0854,Christchurch City,"['Innes Ward', 'Papanui Ward']"
2025-10-01,322200,ALL,1,6,42,9,525.0,0.2096,Christchurch City,"['Papanui Ward', 'Fendalton Ward']"
2025-10-01,322400,ALL,1,6,33,0,583.0,0.1209,Christchurch City,"['Riccarton Ward', 'Fendalton Ward']"
2025-10-01,322600,ALL,1,6,27,3,581.0,0.0453,Christchurch City,['Fendalton Ward']
2025-10-01,322700,ALL,1,6,42,3,623.0,0.1115,Christchurch City,['Riccarton Ward']
2025-10-01,322900,ALL,1,6,150,6,681.0,0.3305,Christchurch City,['Halswell Ward']
2025-10-01,323000,ALL,1,9,54,0,580.0,0.2622,Christchurch City,['Fendalton Ward']
2025-10-01,323200,ALL,1,9,60,3,570.0,0.1018,Christchurch City,['Riccarton Ward']
2025-10-01,323300,ALL,1,6,45,6,567.0,0.0858,Christchurch City,['Riccarton Ward']
2025-10-01,323400,ALL,1,6,84,0,614.0,0.1832,Christchurch City,['Innes Ward']
2025-10-01,323800,ALL,1,12,81,3,605.0,0.1217,Christchurch City,['Innes Ward']
2025-10-01,323900,ALL,1,9,39,3,600.0,0.1038,Christchurch City,"['Central Ward', 'Fendalton Ward']"
2025-10-01,324000,ALL,1,6,33,6,479.0,0.2054,Christchurch City,['Burwood Ward']
2025-10-01,324400,ALL,1,6,30,3,672.0,0.1768,Christchurch City,['Riccarton Ward']
2025-10-01,324500,ALL,1,6,15,6,495.0,0.0789,Christchurch City,['Halswell Ward']
2025-10-01,324600,ALL,1,6,66,6,541.0,0.29,Christchurch City,['Burwood Ward']
2025-10-01,324800,ALL,1,6,27,3,533.0,0.0863,Christchurch City,"['Central Ward', 'Innes Ward']"
2025-10-01,325000,ALL,1,6,42,3,582.0,0.1341,Christchurch City,"['Halswell Ward', 'Spreydon Ward']"
2025-10-01,325200,ALL,1,9,81,6,630.0,0.0686,Christchurch City,['Riccarton Ward']
2025-10-01,325300,ALL,1,6,114,6,692.0,0.0792,Christchurch City,"['Central Ward', 'Innes Ward']"
2025-10-01,325700,ALL,1,6,33,0,654.0,0.1248,Christchurch City,['Central Ward']
2025-10-01,325800,ALL,1,6,126,3,583.0,0.0358,Christchurch City,['Central Ward']
2025-10-01,325900,ALL,1,9,60,6,550.0,0.3265,Christchurch City,"['Innes Ward', 'Central Ward']"
2025-10-01,326100,ALL,1,15,168,6,619.0,0.1478,Christchurch City,['Spreydon Ward']
2025-10-01,326500,ALL,1,6,42,0,591.0,0.1433,Christchurch City,['Burwood Ward']
2025-10-01,326800,ALL,1,9,90,3,643.0,0.2874,Christchurch City,['Central Ward']
2025-10-01,326900,ALL,1,9,60,6,613.0,0.163,Christchurch City,['Spreydon Ward']
2025-10-01,327000,ALL,1,6,45,6,579.0,0.0794,Christchurch City,['Central Ward']
2025-10-01,327100,ALL,1,33,180,6,654.0,0.1063,Christchurch City,['Central Ward']
2025-10-01,327200,ALL,1,6,54,3,705.0,0.221,Christchurch City,['Coastal Ward']
2025-10-01,327300,ALL,1,6,33,3,651.0,0.2881,Christchurch City,['Halswell Ward']
2025-10-01,327400,ALL,1,6,33,3,479.0,0.3328,Christchurch City,"['Central Ward', 'Spreydon Ward']"
2025-10-01,327600,ALL,1,6,57,0,597.0,0.1758,Christchurch City,['Spreydon Ward']
2025-10-01,327700,ALL,1,6,81,3,585.0,0.0592,Christchurch City,"['Spreydon Ward', 'Halswell Ward']"
2025-10-01,327800,ALL,1,6,126,3,611.0,0.2584,Christchurch City,"['Linwood Ward', 'Central Ward']"
2025-10-01,327900,ALL,1,15,84,9,594.0,0.0952,Christchurch City,"['Central Ward', 'Linwood Ward']"
2025-10-01,328200,ALL,1,12,90,3,555.0,0.093,Christchurch City,['Spreydon Ward']
2025-10-01,328500,ALL,1,9,93,3,560.0,0.0915,Christchurch City,"['Central Ward', 'Linwood Ward']"
2025-10-01,328700,ALL,1,9,114,9,574.0,0.0592,Christchurch City,['Heathcote Ward']
2025-10-01,328800,ALL,1,6,63,3,644.0,0.0521,Christchurch City,"['Linwood Ward', 'Central Ward', 'Heathcote Ward']"
2025-10-01,328900,ALL,1,9,138,3,597.0,0.0475,Christchurch City,"['Linwood Ward', 'Central Ward']"
2025-10-01,329000,ALL,1,6,72,9,578.0,0.267,Christchurch City,['Halswell Ward']
2025-10-01,329100,ALL,1,6,51,0,457.0,0.6684,Christchurch City,['Cashmere Ward']
2025-10-01,329200,ALL,1,15,147,6,524.0,0.2091,Christchurch City,"['Cashmere Ward', 'Spreydon Ward']"
2025-10-01,329400,ALL,1,6,36,0,531.0,0.0589,Christchurch City,['Heathcote Ward']
2025-10-01,329600,ALL,1,6,102,3,592.0,0.0872,Christchurch City,['Linwood Ward']
2025-10-01,329700,ALL,1,12,102,6,569.0,0.0489,Christchurch City,['Heathcote Ward']
2025-10-01,329900,ALL,1,9,78,9,595.0,0.0665,Christchurch City,['Heathcote Ward']
2025-10-01,330200,ALL,1,12,135,6,565.0,0.0792,Christchurch City,['Coastal Ward']
2025-10-01,330500,ALL,1,6,99,3,605.0,0.1247,Christchurch City,['Linwood Ward']
2025-10-01,331100,ALL,1,6,153,15,635.0,0.0863,Christchurch City,"['Linwood Ward', 'Heathcote Ward']"
2025-10-01,331300,ALL,1,6,138,3,656.0,0.1138,Christchurch City,['Cashmere Ward']
2025-10-01,331400,ALL,1,9,123,9,584.0,0.0464,Christchurch City,"['Heathcote Ward', 'Cashmere Ward']"
2025-10-01,331700,ALL,1,6,75,9,621.0,0.0662,Christchurch City,['Coastal Ward']
2025-10-01,332000,ALL,1,12,135,3,467.0,0.3619,Christchurch City,['Heathcote Ward']
2025-10-01,332700,ALL,1,6,81,9,632.0,0.1191,Christchurch City,['Heathcote Ward']
2025-10-01,319300,ALL,2,6,63,3,1022.0,0.3489,Christchurch City,['Hornby Ward']
2025-10-01,319800,ALL,2,15,225,9,603.0,0.1129,Christchurch City,['Hornby Ward']
2025-10-01,320200,ALL,2,6,168,15,624.0,0.0578,Christchurch City,"['Waimairi Ward', 'Fendalton Ward']"
2025-10-01,320500,ALL,2,6,180,6,535.0,0.8239,Christchurch City,['Papanui Ward']
2025-10-01,320600,ALL,2,18,189,9,741.0,0.0886,Christchurch City,['Fendalton Ward']
2025-10-01,321000,ALL,2,15,204,12,733.0,0.1438,Christchurch City,"['Hornby Ward', 'Riccarton Ward']"
2025-10-01,321100,ALL,2,6,72,0,639.0,0.2407,Christchurch City,['Hornby Ward']
2025-10-01,321800,ALL,2,9,189,9,675.0,0.1201,Christchurch City,['Riccarton Ward']
2025-10-01,322100,ALL,2,9,183,9,641.0,0.071,Christchurch City,"['Innes Ward', 'Papanui Ward']"
2025-10-01,322700,ALL,2,6,132,6,653.0,0.1498,Christchurch City,['Riccarton Ward']
2025-10-01,323000,ALL,2,12,198,15,614.0,0.2783,Christchurch City,['Fendalton Ward']
2025-10-01,323100,ALL,2,9,120,3,688.0,0.0719,Christchurch City,['Innes Ward']
2025-10-01,323200,ALL,2,6,138,6,691.0,0.0803,Christchurch City,['Riccarton Ward']
2025-10-01,323300,ALL,2,15,153,6,637.0,0.1094,Christchurch City,['Riccarton Ward']
2025-10-01,323400,ALL,2,6,129,3,757.0,0.1161,Christchurch City,['Innes Ward']
2025-10-01,323800,ALL,2,9,156,3,684.0,0.149,Christchurch City,['Innes Ward']
2025-10-01,323900,ALL,2,15,204,9,661.0,0.2161,Christchurch City,"['Central Ward', 'Fendalton Ward']"
2025-10-01,324400,ALL,2,6,225,9,656.0,0.1316,Christchurch City,['Riccarton Ward']
2025-10-01,324800,ALL,2,12,225,12,563.0,0.3039,Christchurch City,"['Central Ward', 'Innes Ward']"
2025-10-01,325200,ALL,2,12,171,6,622.0,0.1363,Christchurch City,['Riccarton Ward']
2025-10-01,325300,ALL,2,6,153,6,677.0,0.0661,Christchurch City,"['Central Ward', 'Innes Ward']"
2025-10-01,325700,ALL,2,12,198,9,695.0,0.1044,Christchurch City,['Central Ward']
2025-10-01,325800,ALL,2,6,141,3,781.0,0.095,Christchurch City,['Central Ward']
2025-10-01,326100,ALL,2,12,198,6,570.0,0.2297,Christchurch City,['Spreydon Ward']
2025-10-01,326800,ALL,2,6,63,3,661.0,0.1611,Christchurch City,['Central Ward']
2025-10-01,326900,ALL,2,9,165,6,464.0,0.674,Christchurch City,['Spreydon Ward']
2025-10-01,327000,ALL,2,9,258,9,644.0,0.0574,Christchurch City,['Central Ward']
2025-10-01,327100,ALL,2,9,243,9,690.0,0.118,Christchurch City,['Central Ward']
2025-10-01,327400,ALL,2,12,150,12,680.0,0.4852,Christchurch City,"['Central Ward', 'Spreydon Ward']"
2025-10-01,327600,ALL,2,12,159,12,629.0,0.1085,Christchurch City,['Spreydon Ward']
2025-10-01,327900,ALL,2,9,222,3,616.0,0.0911,Christchurch City,"['Central Ward', 'Linwood Ward']"
2025-10-01,328200,ALL,2,6,99,0,626.0,0.1253,Christchurch City,['Spreydon Ward']
2025-10-01,328500,ALL,2,6,135,3,778.0,0.0878,Christchurch City,"['Central Ward', 'Linwood Ward']"
2025-10-01,328700,ALL,2,6,87,3,766.0,0.1457,Christchurch City,['Heathcote Ward']
2025-10-01,328900,ALL,2,6,108,3,801.0,0.1136,Christchurch City,"['Linwood Ward', 'Central Ward']"
2025-10-01,329400,ALL,2,6,114,6,768.0,0.0986,Christchurch City,['Heathcote Ward']
2025-10-01,329600,ALL,2,6,117,6,764.0,0.1377,Christchurch City,['Linwood Ward']
2025-10-01,329700,ALL,2,6,147,3,529.0,0.5827,Christchurch City,['Heathcote Ward']
2025-10-01,329900,ALL,2,6,102,6,915.0,0.6007,Christchurch City,['Heathcote Ward']
2025-10-01,330100,ALL,2,6,87,9,722.0,0.0348,Christchurch City,['Linwood Ward']
2025-10-01,330200,ALL,2,6,141,6,736.0,0.0983,Christchurch City,['Coastal Ward']
2025-10-01,330300,ALL,2,21,240,15,646.0,0.0856,Christchurch City,['Cashmere Ward']
2025-10-01,330800,ALL,2,9,186,3,838.0,0.1159,Christchurch City,['Cashmere Ward']
2025-10-01,331100,ALL,2,9,192,6,627.0,0.0727,Christchurch City,"['Linwood Ward', 'Heathcote Ward']"
2025-10-01,331300,ALL,2,6,81,6,654.0,0.0956,Christchurch City,['Cashmere Ward']
2025-10-01,331700,ALL,2,12,198,6,636.0,0.1131,Christchurch City,['Coastal Ward']
2025-10-01,332100,ALL,2,12,99,6,700.0,0.1072,Christchurch City,['Heathcote Ward']
2025-10-01,332500,ALL,2,9,78,3,787.0,0.1066,Christchurch City,['Banks Peninsula Ward']
2025-10-01,332700,ALL,2,9,177,9,617.0,0.1134,Christchurch City,['Heathcote Ward']
2025-10-01,316600,ALL,3,6,51,3,682.0,0.0405,Christchurch City,"['Hornby Ward', 'Harewood Ward']"
2025-10-01,317800,ALL,3,6,81,6,747.0,0.1688,Christchurch City,['Harewood Ward']
2025-10-01,317900,ALL,3,6,51,3,888.0,0.0867,Christchurch City,"['Papanui Ward', 'Harewood Ward']"
2025-10-01,318300,ALL,3,9,60,3,844.0,0.1023,Christchurch City,['Waimairi Ward']
2025-10-01,318600,ALL,3,6,48,9,938.0,0.1549,Christchurch City,['Papanui Ward']
2025-10-01,319200,ALL,3,18,129,0,914.0,0.2565,Christchurch City,['Waimairi Ward']
2025-10-01,319300,ALL,3,6,33,0,1059.0,0.4591,Christchurch City,['Hornby Ward']
2025-10-01,319500,ALL,3,6,42,3,865.0,0.0149,Christchurch City,['Waimairi Ward']
2025-10-01,319600,ALL,3,9,60,3,766.0,0.0822,Christchurch City,['Papanui Ward']
2025-10-01,319800,ALL,3,12,81,3,833.0,0.0707,Christchurch City,['Hornby Ward']
2025-10-01,319900,ALL,3,6,27,0,698.0,0.228,Christchurch City,"['Fendalton Ward', 'Papanui Ward']"
2025-10-01,320100,ALL,3,6,45,6,937.0,0.027,Christchurch City,['Papanui Ward']
2025-10-01,320200,ALL,3,6,72,0,1003.0,0.3061,Christchurch City,"['Waimairi Ward', 'Fendalton Ward']"
2025-10-01,320500,ALL,3,6,87,3,860.0,0.0519,Christchurch City,['Papanui Ward']
2025-10-01,320600,ALL,3,6,63,6,902.0,0.0693,Christchurch City,['Fendalton Ward']
2025-10-01,320700,ALL,3,6,99,9,835.0,0.1201,Christchurch City,['Riccarton Ward']
2025-10-01,320900,ALL,3,6,78,0,936.0,0.1363,Christchurch City,['Papanui Ward']
2025-10-01,321000,ALL,3,6,57,3,883.0,0.0355,Christchurch City,"['Hornby Ward', 'Riccarton Ward']"
2025-10-01,321100,ALL,3,6,96,6,818.0,0.1145,Christchurch City,['Hornby Ward']
2025-10-01,321200,ALL,3,6,69,3,881.0,0.1093,Christchurch City,['Riccarton Ward']
2025-10-01,321400,ALL,3,9,87,0,828.0,0.3094,Christchurch City,['Fendalton Ward']
2025-10-01,321700,ALL,3,12,87,6,936.0,0.0735,Christchurch City,['Innes Ward']
2025-10-01,321800,ALL,3,6,99,0,940.0,0.1205,Christchurch City,['Riccarton Ward']
2025-10-01,322100,ALL,3,6,42,3,835.0,0.0542,Christchurch City,"['Innes Ward', 'Papanui Ward']"
2025-10-01,322200,ALL,3,9,81,0,754.0,0.0357,Christchurch City,"['Papanui Ward', 'Fendalton Ward']"
2025-10-01,322700,ALL,3,6,66,3,838.0,0.0332,Christchurch City,['Riccarton Ward']
2025-10-01,322800,ALL,3,6,39,0,994.0,0.2548,Christchurch City,['Halswell Ward']
2025-10-01,322900,ALL,3,6,102,6,846.0,0.0519,Christchurch City,['Halswell Ward']
2025-10-01,323000,ALL,3,9,57,3,734.0,0.2531,Christchurch City,['Fendalton Ward']
2025-10-01,323100,ALL,3,6,69,6,974.0,0.1369,Christchurch City,['Innes Ward']
2025-10-01,323300,ALL,3,6,81,6,509.0,0.6764,Christchurch City,['Riccarton Ward']
2025-10-01,323400,ALL,3,6,48,3,713.0,0.2331,Christchurch City,['Innes Ward']
2025-10-01,323800,ALL,3,6,30,6,813.0,0.0819,Christchurch City,['Innes Ward']
2025-10-01,323900,ALL,3,6,51,0,839.0,0.0819,Christchurch City,"['Central Ward', 'Fendalton Ward']"
2025-10-01,324300,ALL,3,6,48,3,806.0,0.0901,Christchurch City,['Halswell Ward']
2025-10-01,324400,ALL,3,6,48,6,653.0,0.4233,Christchurch City,['Riccarton Ward']
2025-10-01,324500,ALL,3,6,84,3,810.0,0.2644,Christchurch City,['Halswell Ward']
2025-10-01,324800,ALL,3,9,99,6,896.0,0.149,Christchurch City,"['Central Ward', 'Innes Ward']"
2025-10-01,325000,ALL,3,6,63,0,784.0,0.0469,Christchurch City,"['Halswell Ward', 'Spreydon Ward']"
2025-10-01,325100,ALL,3,6,51,0,835.0,0.1211,Christchurch City,['Coastal Ward']
2025-10-01,325300,ALL,3,6,66,3,461.0,0.6147,Christchurch City,"['Central Ward', 'Innes Ward']"
2025-10-01,325600,ALL,3,6,57,3,821.0,0.078,Christchurch City,['Burwood Ward']
2025-10-01,325700,ALL,3,6,60,0,767.0,0.3957,Christchurch City,['Central Ward']
2025-10-01,325800,ALL,3,6,78,3,932.0,0.1721,Christchurch City,['Central Ward']
2025-10-01,325900,ALL,3,9,81,3,978.0,0.1716,Christchurch City,"['Innes Ward', 'Central Ward']"
2025-10-01,326100,ALL,3,6,21,3,1422.0,0.4172,Christchurch City,['Spreydon Ward']
2025-10-01,326300,ALL,3,6,42,3,614.0,0.3736,Christchurch City,['Halswell Ward']
2025-10-01,326500,ALL,3,6,30,0,625.0,0.0975,Christchurch City,['Burwood Ward']
2025-10-01,326700,ALL,3,9,33,0,803.0,0.0686,Christchurch City,['Spreydon Ward']
2025-10-01,326800,ALL,3,6,57,3,774.0,0.0794,Christchurch City,['Central Ward']
2025-10-01,326900,ALL,3,6,66,3,821.0,0.1829,Christchurch City,['Spreydon Ward']
2025-10-01,327000,ALL,3,6,36,3,1125.0,0.3723,Christchurch City,['Central Ward']
2025-10-01,327100,ALL,3,6,36,0,653.0,0.0928,Christchurch City,['Central Ward']
2025-10-01,327300,ALL,3,6,63,3,1088.0,0.5758,Christchurch City,['Halswell Ward']
2025-10-01,327400,ALL,3,9,33,9,284.0,0.2109,Christchurch City,"['Central Ward', 'Spreydon Ward']"
2025-10-01,327500,ALL,3,6,57,3,569.0,0.7469,Christchurch City,['Burwood Ward']
2025-10-01,327600,ALL,3,6,24,0,804.0,0.1434,Christchurch City,['Spreydon Ward']
2025-10-01,327700,ALL,3,6,63,3,795.0,0.2043,Christchurch City,"['Spreydon Ward', 'Halswell Ward']"
2025-10-01,327900,ALL,3,9,51,0,824.0,0.0779,Christchurch City,"['Central Ward', 'Linwood Ward']"
2025-10-01,328200,ALL,3,6,36,0,1206.0,0.1612,Christchurch City,['Spreydon Ward']
2025-10-01,328300,ALL,3,6,33,0,1104.0,0.1562,Christchurch City,['Coastal Ward']
2025-10-01,328400,ALL,3,9,72,3,368.0,0.7874,Christchurch City,"['Burwood Ward', 'Linwood Ward']"
2025-10-01,328500,ALL,3,6,54,3,780.0,0.6518,Christchurch City,"['Central Ward', 'Linwood Ward']"
2025-10-01,328700,ALL,3,6,42,3,863.0,0.1021,Christchurch City,['Heathcote Ward']
2025-10-01,328900,ALL,3,12,78,6,953.0,0.1836,Christchurch City,"['Linwood Ward', 'Central Ward']"
2025-10-01,329100,ALL,3,6,42,3,1374.0,0.2768,Christchurch City,['Cashmere Ward']
2025-10-01,329300,ALL,3,6,78,3,1080.0,0.2367,Christchurch City,['Linwood Ward']
2025-10-01,329400,ALL,3,6,45,3,901.0,0.0507,Christchurch City,['Heathcote Ward']
2025-10-01,329500,ALL,3,6,21,3,797.0,0.0962,Christchurch City,"['Cashmere Ward', 'Spreydon Ward']"
2025-10-01,329700,ALL,3,9,75,0,1075.0,0.1274,Christchurch City,['Heathcote Ward']
2025-10-01,329900,ALL,3,6,72,3,1044.0,0.0614,Christchurch City,['Heathcote Ward']
2025-10-01,330100,ALL,3,9,54,0,804.0,0.1264,Christchurch City,['Linwood Ward']
2025-10-01,331100,ALL,3,6,36,3,1059.0,0.0717,Christchurch City,"['Linwood Ward', 'Heathcote Ward']"
2025-10-01,331700,ALL,3,9,72,3,1185.0,0.2683,Christchurch City,['Coastal Ward']
2025-10-01,332000,ALL,3,6,51,0,880.0,0.2632,Christchurch City,['Heathcote Ward']
2025-10-01,332100,ALL,3,6,57,0,850.0,0.0412,Christchurch City,['Heathcote Ward']
2025-10-01,332500,ALL,3,9,90,0,1207.0,0.1327,Christchurch City,['Banks Peninsula Ward']
2025-10-01,332700,ALL,3,6,45,3,1165.0,0.0977,Christchurch City,['Heathcote Ward']
2025-10-01,317800,ALL,4,24,246,9,707.0,0.2087,Christchurch City,['Harewood Ward']
2025-10-01,318300,ALL,4,18,141,9,713.0,0.3474,Christchurch City,['Waimairi Ward']
2025-10-01,319200,ALL,4,12,114,6,660.0,0.243,Christchurch City,['Waimairi Ward']
2025-10-01,319500,ALL,4,15,126,6,668.0,0.4573,Christchurch City,['Waimairi Ward']
2025-10-01,319900,ALL,4,24,255,21,718.0,0.2413,Christchurch City,"['Fendalton Ward', 'Papanui Ward']"
2025-10-01,320200,ALL,4,9,120,9,678.0,0.3227,Christchurch City,"['Waimairi Ward', 'Fendalton Ward']"
2025-10-01,320700,ALL,4,27,303,15,828.0,0.2694,Christchurch City,['Riccarton Ward']
2025-10-01,320900,ALL,4,15,153,12,641.0,0.29,Christchurch City,['Papanui Ward']
2025-10-01,321000,ALL,4,51,414,21,627.0,0.4526,Christchurch City,"['Hornby Ward', 'Riccarton Ward']"
2025-10-01,321200,ALL,4,42,351,15,680.0,0.5031,Christchurch City,['Riccarton Ward']
2025-10-01,321800,ALL,4,33,300,15,760.0,0.4557,Christchurch City,['Riccarton Ward']
2025-10-01,322200,ALL,4,66,525,21,617.0,0.4863,Christchurch City,"['Papanui Ward', 'Fendalton Ward']"
2025-10-01,322400,ALL,4,6,39,3,589.0,0.1661,Christchurch City,"['Riccarton Ward', 'Fendalton Ward']"
2025-10-01,322500,ALL,4,21,327,9,680.0,0.2674,Christchurch City,['Halswell Ward']
2025-10-01,322700,ALL,4,42,393,24,582.0,0.4015,Christchurch City,['Riccarton Ward']
2025-10-01,323300,ALL,4,12,258,12,861.0,0.2443,Christchurch City,['Riccarton Ward']
2025-10-01,323900,ALL,4,24,282,9,733.0,0.1585,Christchurch City,"['Central Ward', 'Fendalton Ward']"
2025-10-01,324100,ALL,4,30,327,21,735.0,0.1843,Christchurch City,['Halswell Ward']
2025-10-01,324400,ALL,4,21,288,15,739.0,0.2898,Christchurch City,['Riccarton Ward']
2025-10-01,324500,ALL,4,12,252,3,657.0,0.2881,Christchurch City,['Halswell Ward']
2025-10-01,324800,ALL,4,24,270,12,733.0,0.27,Christchurch City,"['Central Ward', 'Innes Ward']"
2025-10-01,325400,ALL,4,6,84,3,486.0,0.2313,Christchurch City,['Halswell Ward']
2025-10-01,325600,ALL,4,27,375,15,752.0,0.354,Christchurch City,['Burwood Ward']
2025-10-01,327900,ALL,4,27,372,21,759.0,0.3626,Christchurch City,"['Central Ward', 'Linwood Ward']"
2025-10-01,328900,ALL,4,33,363,15,680.0,0.2363,Christchurch City,"['Linwood Ward', 'Central Ward']"
2025-10-01,329100,ALL,4,33,306,24,608.0,0.5265,Christchurch City,['Cashmere Ward']
2025-10-01,330600,ALL,4,30,399,15,810.0,0.4205,Christchurch City,['Cashmere Ward']
2025-10-01,332100,ALL,4,15,108,6,488.0,0.1668,Christchurch City,['Heathcote Ward']
2025-10-01,316600,ALL,ALL,18,195,9,447.0,0.122,Christchurch City,"['Hornby Ward', 'Harewood Ward']"
2025-10-01,316900,ALL,ALL,12,138,0,491.0,0.0933,Christchurch City,['Harewood Ward']
2025-10-01,317300,ALL,ALL,21,234,9,461.0,0.1518,Christchurch City,['Innes Ward']
2025-10-01,317400,ALL,ALL,12,162,9,493.0,0.1363,Christchurch City,['Harewood Ward']
2025-10-01,317500,ALL,ALL,6,42,3,467.0,0.3338,Christchurch City,"['Waimairi Ward', 'Harewood Ward']"
2025-10-01,317600,ALL,ALL,15,126,9,467.0,0.2099,Christchurch City,['Harewood Ward']
2025-10-01,317700,ALL,ALL,6,93,3,475.0,0.0832,Christchurch City,['Waimairi Ward']
2025-10-01,317800,ALL,ALL,9,75,9,579.0,0.1595,Christchurch City,['Harewood Ward']
2025-10-01,317900,ALL,ALL,12,123,3,517.0,0.2022,Christchurch City,"['Papanui Ward', 'Harewood Ward']"
2025-10-01,318000,ALL,ALL,12,84,9,464.0,0.1418,Christchurch City,['Harewood Ward']
2025-10-01,318100,ALL,ALL,9,123,6,499.0,0.1678,Christchurch City,['Hornby Ward']
2025-10-01,318200,ALL,ALL,9,153,12,493.0,0.2217,Christchurch City,['Hornby Ward']
2025-10-01,318300,ALL,ALL,6,75,3,485.0,0.1282,Christchurch City,['Waimairi Ward']
2025-10-01,318400,ALL,ALL,21,219,9,369.0,0.2231,Christchurch City,"['Innes Ward', 'Papanui Ward']"
2025-10-01,318600,ALL,ALL,21,219,15,486.0,0.2082,Christchurch City,['Papanui Ward']
2025-10-01,318700,ALL,ALL,15,285,12,428.0,0.1645,Christchurch City,['Hornby Ward']
2025-10-01,318800,ALL,ALL,12,174,9,420.0,0.1232,Christchurch City,['Papanui Ward']
2025-10-01,318900,ALL,ALL,9,87,6,452.0,0.1549,Christchurch City,['Waimairi Ward']
2025-10-01,319000,ALL,ALL,18,231,6,400.0,0.6734,Christchurch City,['Harewood Ward']
2025-10-01,319200,ALL,ALL,9,126,6,371.0,0.5058,Christchurch City,['Waimairi Ward']
2025-10-01,319300,ALL,ALL,18,81,6,334.0,0.5377,Christchurch City,['Hornby Ward']
2025-10-01,319400,ALL,ALL,12,123,12,453.0,0.1801,Christchurch City,['Papanui Ward']
2025-10-01,319500,ALL,ALL,6,54,3,272.0,0.3908,Christchurch City,['Waimairi Ward']
2025-10-01,319600,ALL,ALL,12,84,3,415.0,0.1061,Christchurch City,['Papanui Ward']
2025-10-01,319700,ALL,ALL,12,138,3,383.0,0.2378,Christchurch City,['Waimairi Ward']
2025-10-01,319800,ALL,ALL,18,66,3,428.0,0.1817,Christchurch City,['Hornby Ward']
2025-10-01,319900,ALL,ALL,12,78,3,401.0,0.2359,Christchurch City,"['Fendalton Ward', 'Papanui Ward']"
2025-10-01,320100,ALL,ALL,6,69,3,481.0,0.0933,Christchurch City,['Papanui Ward']
2025-10-01,320200,ALL,ALL,9,144,6,431.0,0.1862,Christchurch City,"['Waimairi Ward', 'Fendalton Ward']"
2025-10-01,320300,ALL,ALL,6,33,3,403.0,0.2562,Christchurch City,['Hornby Ward']
2025-10-01,320500,ALL,ALL,12,84,12,480.0,0.1709,Christchurch City,['Papanui Ward']
2025-10-01,320600,ALL,ALL,6,48,6,494.0,0.1328,Christchurch City,['Fendalton Ward']
2025-10-01,320700,ALL,ALL,6,84,6,770.0,0.1462,Christchurch City,['Riccarton Ward']
2025-10-01,320800,ALL,ALL,45,309,15,662.0,0.232,Christchurch City,"['Fendalton Ward', 'Papanui Ward']"
2025-10-01,320900,ALL,ALL,36,312,18,679.0,0.2522,Christchurch City,['Papanui Ward']
2025-10-01,321000,ALL,ALL,12,63,6,581.0,0.2012,Christchurch City,"['Hornby Ward', 'Riccarton Ward']"
2025-10-01,321100,ALL,ALL,24,210,18,499.0,0.2133,Christchurch City,['Hornby Ward']
2025-10-01,321200,ALL,ALL,12,156,18,545.0,0.1514,Christchurch City,['Riccarton Ward']
2025-10-01,321300,ALL,ALL,9,54,3,240.0,0.2884,Christchurch City,"['Burwood Ward', 'Innes Ward']"
2025-10-01,321400,ALL,ALL,9,69,3,472.0,0.1785,Christchurch City,['Fendalton Ward']
2025-10-01,321500,ALL,ALL,30,180,33,709.0,0.5091,Christchurch City,['Fendalton Ward']
2025-10-01,321700,ALL,ALL,63,375,57,832.0,0.3067,Christchurch City,['Innes Ward']
2025-10-01,321800,ALL,ALL,24,123,27,880.0,0.3111,Christchurch City,['Riccarton Ward']
2025-10-01,321900,ALL,ALL,18,165,18,835.0,0.2586,Christchurch City,['Halswell Ward']
2025-10-01,322000,ALL,ALL,21,132,15,752.0,0.5457,Christchurch City,['Riccarton Ward']
2025-10-01,322100,ALL,ALL,15,135,18,710.0,0.2134,Christchurch City,"['Innes Ward', 'Papanui Ward']"
2025-10-01,322200,ALL,ALL,24,105,21,595.0,0.3854,Christchurch City,"['Papanui Ward', 'Fendalton Ward']"
2025-10-01,322400,ALL,ALL,6,24,0,789.0,0.1114,Christchurch City,"['Riccarton Ward', 'Fendalton Ward']"
2025-10-01,322500,ALL,ALL,9,81,9,734.0,0.4512,Christchurch City,['Halswell Ward']
2025-10-01,322600,ALL,ALL,6,63,3,1049.0,0.9005,Christchurch City,['Fendalton Ward']
2025-10-01,322700,ALL,ALL,48,273,27,380.0,0.4862,Christchurch City,['Riccarton Ward']
2025-10-01,322800,ALL,ALL,33,414,33,767.0,0.382,Christchurch City,['Halswell Ward']
2025-10-01,322900,ALL,ALL,21,213,24,727.0,0.5208,Christchurch City,['Halswell Ward']
2025-10-01,323000,ALL,ALL,6,27,6,1017.0,0.353,Christchurch City,['Fendalton Ward']
2025-10-01,323100,ALL,ALL,6,129,9,289.0,0.3574,Christchurch City,['Innes Ward']
2025-10-01,323200,ALL,ALL,21,177,9,935.0,0.4425,Christchurch City,['Riccarton Ward']
2025-10-01,323300,ALL,ALL,24,267,18,846.0,0.3909,Christchurch City,['Riccarton Ward']
2025-10-01,323400,ALL,ALL,96,666,51,675.0,0.3727,Christchurch City,['Innes Ward']
2025-10-01,323500,ALL,ALL,6,90,3,773.0,0.7179,Christchurch City,"['Riccarton Ward', 'Spreydon Ward']"
2025-10-01,323600,ALL,ALL,45,243,12,720.0,0.5154,Christchurch City,['Halswell Ward']
2025-10-01,323800,ALL,ALL,24,177,15,722.0,0.4944,Christchurch City,['Innes Ward']
2025-10-01,323900,ALL,ALL,159,882,66,802.0,0.3537,Christchurch City,"['Central Ward', 'Fendalton Ward']"
2025-10-01,324000,ALL,ALL,6,63,3,541.0,0.2276,Christchurch City,['Burwood Ward']
2025-10-01,324100,ALL,ALL,6,54,0,406.0,0.2222,Christchurch City,['Halswell Ward']
2025-10-01,324300,ALL,ALL,9,90,0,543.0,0.2615,Christchurch City,['Halswell Ward']
2025-10-01,324400,ALL,ALL,12,141,3,591.0,0.0942,Christchurch City,['Riccarton Ward']
2025-10-01,324500,ALL,ALL,15,93,3,632.0,0.1792,Christchurch City,['Halswell Ward']
2025-10-01,324600,ALL,ALL,24,240,15,536.0,0.1676,Christchurch City,['Burwood Ward']
2025-10-01,324800,ALL,ALL,18,129,9,517.0,0.2184,Christchurch City,"['Central Ward', 'Innes Ward']"
2025-10-01,325000,ALL,ALL,6,99,0,609.0,0.0867,Christchurch City,"['Halswell Ward', 'Spreydon Ward']"
2025-10-01,325100,ALL,ALL,6,153,6,443.0,0.2022,Christchurch City,['Coastal Ward']
2025-10-01,325200,ALL,ALL,6,69,0,614.0,0.089,Christchurch City,['Riccarton Ward']
2025-10-01,325300,ALL,ALL,9,93,6,551.0,0.0878,Christchurch City,"['Central Ward', 'Innes Ward']"
2025-10-01,325400,ALL,ALL,30,387,18,574.0,0.2015,Christchurch City,['Halswell Ward']
2025-10-01,325600,ALL,ALL,6,84,3,609.0,0.0287,Christchurch City,['Burwood Ward']
2025-10-01,325700,ALL,ALL,6,81,3,622.0,0.1983,Christchurch City,['Central Ward']
2025-10-01,325800,ALL,ALL,9,183,9,543.0,0.1943,Christchurch City,['Central Ward']
2025-10-01,325900,ALL,ALL,12,108,6,517.0,0.1346,Christchurch City,"['Innes Ward', 'Central Ward']"
2025-10-01,326100,ALL,ALL,21,198,9,616.0,0.3319,Christchurch City,['Spreydon Ward']
2025-10-01,326300,ALL,ALL,30,330,15,562.0,0.3648,Christchurch City,['Halswell Ward']
2025-10-01,326500,ALL,ALL,12,267,9,428.0,0.698,Christchurch City,['Burwood Ward']
2025-10-01,326600,ALL,ALL,9,114,0,539.0,0.5188,Christchurch City,['Central Ward']
2025-10-01,326700,ALL,ALL,45,705,27,384.0,0.4914,Christchurch City,['Spreydon Ward']
2025-10-01,326800,ALL,ALL,15,210,12,544.0,0.3267,Christchurch City,['Central Ward']
2025-10-01,326900,ALL,ALL,24,960,45,321.0,0.455,Christchurch City,['Spreydon Ward']
2025-10-01,327000,ALL,ALL,6,129,3,485.0,0.2782,Christchurch City,['Central Ward']
2025-10-01,327100,ALL,ALL,36,687,24,332.0,0.4132,Christchurch City,['Central Ward']
2025-10-01,327200,ALL,ALL,9,150,3,575.0,0.0993,Christchurch City,['Coastal Ward']
2025-10-01,327300,ALL,ALL,9,90,0,501.0,0.1579,Christchurch City,['Halswell Ward']
2025-10-01,327400,ALL,ALL,30,645,36,384.0,0.3024,Christchurch City,"['Central Ward', 'Spreydon Ward']"
2025-10-01,327500,ALL,ALL,42,471,24,456.0,0.4441,Christchurch City,['Burwood Ward']
2025-10-01,327600,ALL,ALL,9,138,6,473.0,0.3266,Christchurch City,['Spreydon Ward']
2025-10-01,327700,ALL,ALL,12,645,15,581.0,0.5982,Christchurch City,"['Spreydon Ward', 'Halswell Ward']"
2025-10-01,327800,ALL,ALL,27,435,15,515.0,0.3377,Christchurch City,"['Linwood Ward', 'Central Ward']"
2025-10-01,327900,ALL,ALL,60,813,33,397.0,0.6365,Christchurch City,"['Central Ward', 'Linwood Ward']"
2025-10-01,328000,ALL,ALL,30,273,9,366.0,0.541,Christchurch City,['Halswell Ward']
2025-10-01,328100,ALL,ALL,6,105,9,470.0,0.3589,Christchurch City,['Central Ward']
2025-10-01,328200,ALL,ALL,57,522,27,334.0,0.488,Christchurch City,['Spreydon Ward']
2025-10-01,328300,ALL,ALL,15,102,9,543.0,0.4147,Christchurch City,['Coastal Ward']
2025-10-01,328400,ALL,ALL,24,378,15,493.0,0.2804,Christchurch City,"['Burwood Ward', 'Linwood Ward']"
2025-10-01,328500,ALL,ALL,12,132,3,573.0,0.1824,Christchurch City,"['Central Ward', 'Linwood Ward']"
2025-10-01,328600,ALL,ALL,9,120,12,373.0,0.6659,Christchurch City,['Burwood Ward']
2025-10-01,328700,ALL,ALL,9,150,6,580.0,0.1953,Christchurch City,['Heathcote Ward']
2025-10-01,328800,ALL,ALL,21,366,9,472.0,0.2986,Christchurch City,"['Linwood Ward', 'Central Ward', 'Heathcote Ward']"
2025-10-01,328900,ALL,ALL,12,168,3,551.0,0.2661,Christchurch City,"['Linwood Ward', 'Central Ward']"
2025-10-01,329000,ALL,ALL,15,171,6,662.0,0.2494,Christchurch City,['Halswell Ward']
2025-10-01,329100,ALL,ALL,6,66,3,530.0,0.5087,Christchurch City,['Cashmere Ward']
2025-10-01,329200,ALL,ALL,39,339,18,574.0,0.1788,Christchurch City,"['Cashmere Ward', 'Spreydon Ward']"
2025-10-01,329300,ALL,ALL,9,132,3,634.0,0.1625,Christchurch City,['Linwood Ward']
2025-10-01,329400,ALL,ALL,6,84,6,553.0,0.2376,Christchurch City,['Heathcote Ward']
2025-10-01,329500,ALL,ALL,27,318,6,464.0,0.3665,Christchurch City,"['Cashmere Ward', 'Spreydon Ward']"
2025-10-01,329600,ALL,ALL,15,207,6,552.0,0.3008,Christchurch City,['Linwood Ward']
2025-10-01,329700,ALL,ALL,33,135,12,604.0,0.1197,Christchurch City,['Heathcote Ward']
2025-10-01,329900,ALL,ALL,6,42,3,553.0,0.1849,Christchurch City,['Heathcote Ward']
2025-10-01,330100,ALL,ALL,12,120,6,440.0,0.1545,Christchurch City,['Linwood Ward']
2025-10-01,330200,ALL,ALL,24,216,21,405.0,0.2993,Christchurch City,['Coastal Ward']
2025-10-01,330300,ALL,ALL,6,102,3,488.0,0.1226,Christchurch City,['Cashmere Ward']
2025-10-01,330400,ALL,ALL,18,201,15,494.0,0.2237,Christchurch City,['Linwood Ward']
2025-10-01,330500,ALL,ALL,9,60,3,294.0,0.3488,Christchurch City,['Linwood Ward']
2025-10-01,330600,ALL,ALL,6,51,3,441.0,0.2676,Christchurch City,['Cashmere Ward']
2025-10-01,330800,ALL,ALL,21,132,9,419.0,0.3324,Christchurch City,['Cashmere Ward']
2025-10-01,330900,ALL,ALL,6,81,3,412.0,0.1384,Christchurch City,['Heathcote Ward']
2025-10-01,331100,ALL,ALL,6,39,0,422.0,0.197,Christchurch City,"['Linwood Ward', 'Heathcote Ward']"
2025-10-01,331300,ALL,ALL,12,114,9,576.0,0.3638,Christchurch City,['Cashmere Ward']
2025-10-01,331400,ALL,ALL,21,204,12,494.0,0.1558,Christchurch City,"['Heathcote Ward', 'Cashmere Ward']"
2025-10-01,331700,ALL,ALL,18,144,3,297.0,1.4353,Christchurch City,['Coastal Ward']
2025-10-01,331900,ALL,ALL,6,147,3,459.0,0.373,Christchurch City,['Heathcote Ward']
2025-10-01,332000,ALL,ALL,18,267,12,539.0,0.1326,Christchurch City,['Heathcote Ward']
2025-10-01,332100,ALL,ALL,12,111,9,542.0,0.2014,Christchurch City,['Heathcote Ward']
2025-10-01,332500,ALL,ALL,6,54,3,521.0,0.1487,Christchurch City,['Banks Peninsula Ward']
2025-10-01,332700,ALL,ALL,9,315,12,302.0,0.3873,Christchurch City,['Heathcote Ward']
2025-10-01,319800,ALL,5+,9,51,3,691.0,0.137,Christchurch City,['Hornby Ward']
2025-10-01,319900,ALL,5+,6,57,0,840.0,0.1301,Christchurch City,"['Fendalton Ward', 'Papanui Ward']"
2025-10-01,320200,ALL,5+,6,66,6,507.0,0.2131,Christchurch City,"['Waimairi Ward', 'Fendalton Ward']"
2025-10-01,320600,ALL,5+,6,45,0,661.0,0.1346,Christchurch City,['Fendalton Ward']
2025-10-01,320700,ALL,5+,6,30,6,486.0,0.5805,Christchurch City,['Riccarton Ward']
2025-10-01,321200,ALL,5+,6,63,0,456.0,0.5595,Christchurch City,['Riccarton Ward']
2025-10-01,321800,ALL,5+,6,33,0,683.0,0.1212,Christchurch City,['Riccarton Ward']
2025-10-01,322000,ALL,5+,9,66,3,671.0,0.1507,Christchurch City,['Riccarton Ward']
2025-10-01,322700,ALL,5+,15,120,6,612.0,0.234,Christchurch City,['Riccarton Ward']
2025-10-01,323300,ALL,5+,21,138,3,477.0,0.2005,Christchurch City,['Riccarton Ward']
2025-10-01,324400,ALL,5+,6,21,3,660.0,0.1048,Christchurch City,['Riccarton Ward']
2025-10-01,323300,ALL,5+,6,90,0,995.0,0.2757,Christchurch City,['Riccarton Ward']
2025-10-01,316600,ALL,NA,6,84,6,467.0,0.1559,Christchurch City,"['Hornby Ward', 'Harewood Ward']"
2025-10-01,316900,ALL,NA,6,117,3,481.0,0.241,Christchurch City,['Harewood Ward']
2025-10-01,317900,ALL,NA,18,108,15,447.0,0.1503,Christchurch City,"['Papanui Ward', 'Harewood Ward']"
2025-10-01,318000,ALL,NA,6,15,3,440.0,0.0763,Christchurch City,['Harewood Ward']
2025-10-01,318400,ALL,NA,9,45,0,249.0,0.6207,Christchurch City,"['Innes Ward', 'Papanui Ward']"
2025-10-01,319600,ALL,NA,9,84,9,523.0,0.1708,Christchurch City,['Papanui Ward']
2025-10-01,319700,ALL,NA,6,18,6,556.0,0.1405,Christchurch City,['Waimairi Ward']
2025-10-01,319900,ALL,NA,9,27,0,537.0,0.0771,Christchurch City,"['Fendalton Ward', 'Papanui Ward']"
2025-10-01,320100,ALL,NA,6,33,0,450.0,0.3213,Christchurch City,['Papanui Ward']
2025-10-01,320200,ALL,NA,6,33,3,449.0,0.2249,Christchurch City,"['Waimairi Ward', 'Fendalton Ward']"
2025-10-01,320600,ALL,NA,6,81,6,428.0,0.2073,Christchurch City,['Fendalton Ward']
2025-10-01,321100,ALL,NA,6,51,6,490.0,0.1617,Christchurch City,['Hornby Ward']
2025-10-01,321200,ALL,NA,6,99,6,692.0,0.0792,Christchurch City,['Riccarton Ward']
2025-10-01,321300,ALL,NA,6,66,3,664.0,0.1434,Christchurch City,"['Burwood Ward', 'Innes Ward']"
2025-10-01,321700,ALL,NA,15,72,3,648.0,0.1184,Christchurch City,['Innes Ward']
2025-10-01,321800,ALL,NA,6,9,0,584.0,0.0511,Christchurch City,['Riccarton Ward']
2025-10-01,322100,ALL,NA,6,30,3,592.0,0.0872,Christchurch City,"['Innes Ward', 'Papanui Ward']"
2025-10-01,322500,ALL,NA,15,105,6,731.0,0.1636,Christchurch City,['Halswell Ward']
2025-10-01,322600,ALL,NA,6,90,0,791.0,0.1882,Christchurch City,['Fendalton Ward']
2025-10-01,322900,ALL,NA,9,51,0,663.0,0.0916,Christchurch City,['Halswell Ward']
2025-10-01,323200,ALL,NA,6,12,3,562.0,0.0266,Christchurch City,['Riccarton Ward']
2025-10-01,323300,ALL,NA,9,87,6,881.0,0.2691,Christchurch City,['Riccarton Ward']
2025-10-01,323600,ALL,NA,9,114,6,780.0,0.2244,Christchurch City,['Halswell Ward']
2025-10-01,323800,ALL,NA,39,234,24,566.0,0.1389,Christchurch City,['Innes Ward']
2025-10-01,324300,ALL,NA,39,330,18,595.0,0.3251,Christchurch City,['Halswell Ward']
2025-10-01,324400,ALL,NA,6,57,6,697.0,0.1666,Christchurch City,['Riccarton Ward']
2025-10-01,324500,ALL,NA,12,129,12,558.0,0.2139,Christchurch City,['Halswell Ward']
2025-10-01,324800,ALL,NA,15,264,15,694.0,0.1656,Christchurch City,"['Central Ward', 'Innes Ward']"
2025-10-01,325300,ALL,NA,63,750,42,462.0,0.3256,Christchurch City,"['Central Ward', 'Innes Ward']"
2025-10-01,325700,ALL,NA,12,81,9,728.0,0.0953,Christchurch City,['Central Ward']
2025-10-01,325800,ALL,NA,6,54,0,545.0,0.0759,Christchurch City,['Central Ward']
2025-10-01,326100,ALL,NA,9,111,9,681.0,0.341,Christchurch City,['Spreydon Ward']
2025-10-01,326300,ALL,NA,15,207,9,388.0,0.4532,Christchurch City,['Halswell Ward']
2025-10-01,326500,ALL,NA,18,192,12,522.0,0.2224,Christchurch City,['Burwood Ward']
2025-10-01,326800,ALL,NA,18,195,9,627.0,0.123,Christchurch City,['Central Ward']
2025-10-01,326900,ALL,NA,6,117,9,669.0,0.1119,Christchurch City,['Spreydon Ward']
2025-10-01,327000,ALL,NA,30,351,21,579.0,0.3068,Christchurch City,['Central Ward']
2025-10-01,327100,ALL,NA,18,207,15,578.0,0.1718,Christchurch City,['Central Ward']
2025-10-01,327300,ALL,NA,42,615,39,477.0,0.3186,Christchurch City,['Halswell Ward']
2025-10-01,327400,ALL,NA,9,30,0,623.0,0.11,Christchurch City,"['Central Ward', 'Spreydon Ward']"
2025-10-01,327600,ALL,NA,12,108,6,550.0,0.281,Christchurch City,['Spreydon Ward']
2025-10-01,327900,ALL,NA,6,99,3,686.0,0.0418,Christchurch City,"['Central Ward', 'Linwood Ward']"
2025-10-01,328000,ALL,NA,18,144,9,623.0,0.1652,Christchurch City,['Halswell Ward']
2025-10-01,328100,ALL,NA,48,432,30,645.0,0.1693,Christchurch City,['Central Ward']
2025-10-01,328200,ALL,NA,9,72,9,585.0,0.1145,Christchurch City,['Spreydon Ward']
2025-10-01,328500,ALL,NA,9,189,9,742.0,0.1532,Christchurch City,"['Central Ward', 'Linwood Ward']"
2025-10-01,328700,ALL,NA,6,39,3,523.0,0.0894,Christchurch City,['Heathcote Ward']
2025-10-01,328800,ALL,NA,6,63,6,784.0,0.1182,Christchurch City,"['Linwood Ward', 'Central Ward', 'Heathcote Ward']"
2025-10-01,328900,ALL,NA,6,96,0,689.0,0.1477,Christchurch City,"['Linwood Ward', 'Central Ward']"
2025-10-01,329000,ALL,NA,15,144,6,662.0,0.1687,Christchurch City,['Halswell Ward']
2025-10-01,329100,ALL,NA,6,57,0,667.0,0.0721,Christchurch City,['Cashmere Ward']
2025-10-01,329300,ALL,NA,6,48,0,567.0,0.1911,Christchurch City,['Linwood Ward']
2025-10-01,329400,ALL,NA,6,87,3,792.0,0.1552,Christchurch City,['Heathcote Ward']
2025-10-01,329600,ALL,NA,6,24,0,598.0,0.0834,Christchurch City,['Linwood Ward']
2025-10-01,329700,ALL,NA,6,42,3,579.0,0.078,Christchurch City,['Heathcote Ward']
2025-10-01,329900,ALL,NA,9,75,0,573.0,0.0794,Christchurch City,['Heathcote Ward']
2025-10-01,330100,ALL,NA,6,42,3,649.0,0.0685,Christchurch City,['Linwood Ward']
2025-10-01,330200,ALL,NA,9,42,6,577.0,0.0802,Christchurch City,['Coastal Ward']
2025-10-01,330800,ALL,NA,6,27,3,532.0,0.035,Christchurch City,['Cashmere Ward']
2025-10-01,331700,ALL,NA,6,21,0,474.0,0.2501,Christchurch City,['Coastal Ward']
2025-10-01,323000,Apartment,1,120,1155,75,417.0,0.3612,Christchurch City,['Fendalton Ward']
2025-10-01,325700,Apartment,1,18,189,18,755.0,0.3141,Christchurch City,['Central Ward']
2025-10-01,325800,Apartment,1,12,117,6,563.0,0.1549,Christchurch City,['Central Ward']
2025-10-01,327000,Apartment,1,63,792,51,535.0,0.3864,Christchurch City,['Central Ward']
2025-10-01,327100,Apartment,1,30,441,24,349.0,0.4295,Christchurch City,['Central Ward']
2025-10-01,327900,Apartment,1,6,72,3,548.0,0.0373,Christchurch City,"['Central Ward', 'Linwood Ward']"
2025-10-01,323000,Apartment,2,99,804,57,498.0,0.3258,Christchurch City,['Fendalton Ward']
2025-10-01,323800,Apartment,2,33,375,24,585.0,0.5164,Christchurch City,['Innes Ward']
2025-10-01,323900,Apartment,2,6,54,0,510.0,0.1043,Christchurch City,"['Central Ward', 'Fendalton Ward']"
2025-10-01,324800,Apartment,2,36,411,27,510.0,0.3886,Christchurch City,"['Central Ward', 'Innes Ward']"
2025-10-01,325300,Apartment,2,78,837,48,540.0,0.4372,Christchurch City,"['Central Ward', 'Innes Ward']"
2025-10-01,325700,Apartment,2,15,129,12,770.0,0.4408,Christchurch City,['Central Ward']
2025-10-01,325800,Apartment,2,30,318,18,467.0,0.5221,Christchurch City,['Central Ward']
2025-10-01,327000,Apartment,2,21,255,12,624.0,0.3457,Christchurch City,['Central Ward']
2025-10-01,325800,Apartment,3,6,9,3,241.0,0.1276,Christchurch City,['Central Ward']
2025-10-01,321800,Apartment,ALL,6,102,3,588.0,0.0648,Christchurch City,['Riccarton Ward']
2025-10-01,322500,Apartment,ALL,6,69,3,597.0,0.0681,Christchurch City,['Halswell Ward']
2025-10-01,323000,Apartment,ALL,6,93,3,610.0,0.1891,Christchurch City,['Fendalton Ward']
2025-10-01,323300,Apartment,ALL,6,30,0,573.0,0.1033,Christchurch City,['Riccarton Ward']
2025-10-01,323800,Apartment,ALL,6,147,0,545.0,0.0784,Christchurch City,['Innes Ward']
2025-10-01,324800,Apartment,ALL,6,45,9,580.0,0.1768,Christchurch City,"['Central Ward', 'Innes Ward']"
2025-10-01,325300,Apartment,ALL,6,111,0,570.0,0.097,Christchurch City,"['Central Ward', 'Innes Ward']"
2025-10-01,325700,Apartment,ALL,6,168,9,545.0,0.0614,Christchurch City,['Central Ward']
2025-10-01,325800,Apartment,ALL,12,75,0,561.0,0.075,Christchurch City,['Central Ward']
2025-10-01,326100,Apartment,ALL,6,21,3,396.0,0.5302,Christchurch City,['Spreydon Ward']
2025-10-01,327000,Apartment,ALL,6,48,0,482.0,0.1359,Christchurch City,['Central Ward']
2025-10-01,327100,Apartment,ALL,12,135,6,285.0,0.8315,Christchurch City,['Central Ward']
2025-10-01,327900,Apartment,ALL,6,84,0,516.0,0.0782,Christchurch City,"['Central Ward', 'Linwood Ward']"
2025-10-01,328900,Apartment,ALL,6,108,6,552.0,0.0847,Christchurch City,"['Linwood Ward', 'Central Ward']"
2025-10-01,329900,Apartment,ALL,12,42,6,530.0,0.1177,Christchurch City,['Heathcote Ward']
2025-10-01,321900,Boarding House,1,12,441,9,451.0,0.1134,Christchurch City,['Halswell Ward']
2025-10-01,322700,Boarding House,1,6,177,9,439.0,0.1453,Christchurch City,['Riccarton Ward']
2025-10-01,321900,Boarding House,ALL,6,54,3,600.0,0.2105,Christchurch City,['Halswell Ward']
2025-10-01,322700,Boarding House,ALL,6,60,0,536.0,0.124,Christchurch City,['Riccarton Ward']
2025-10-01,323300,Boarding House,ALL,9,87,9,512.0,0.2325,Christchurch City,['Riccarton Ward']
2025-10-01,327900,Boarding House,ALL,6,81,0,495.0,0.2947,Christchurch City,"['Central Ward', 'Linwood Ward']"
2025-10-01,320300,Flat,1,6,42,0,413.0,0.145,Christchurch City,['Hornby Ward']
2025-10-01,323800,Flat,1,6,24,0,373.0,0.0736,Christchurch City,['Innes Ward']
2025-10-01,323900,Flat,1,6,138,6,429.0,0.126,Christchurch City,"['Central Ward', 'Fendalton Ward']"
2025-10-01,324800,Flat,1,15,276,18,374.0,0.125,Christchurch City,"['Central Ward', 'Innes Ward']"
2025-10-01,325300,Flat,1,12,327,18,408.0,0.2013,Christchurch City,"['Central Ward', 'Innes Ward']"
2025-10-01,325800,Flat,1,12,180,12,390.0,0.1462,Christchurch City,['Central Ward']
2025-10-01,326100,Flat,1,27,411,12,401.0,0.1277,Christchurch City,['Spreydon Ward']
2025-10-01,326800,Flat,1,12,126,6,423.0,0.1833,Christchurch City,['Central Ward']
2025-10-01,327000,Flat,1,24,321,21,443.0,0.1089,Christchurch City,['Central Ward']
2025-10-01,327600,Flat,1,9,84,3,399.0,0.1819,Christchurch City,['Spreydon Ward']
2025-10-01,328900,Flat,1,6,27,3,423.0,0.0971,Christchurch City,"['Linwood Ward', 'Central Ward']"
2025-10-01,329100,Flat,1,6,99,6,414.0,0.1553,Christchurch City,['Cashmere Ward']
2025-10-01,329200,Flat,1,6,51,6,397.0,0.0625,Christchurch City,"['Cashmere Ward', 'Spreydon Ward']"
2025-10-01,330500,Flat,1,6,78,3,434.0,0.0976,Christchurch City,['Linwood Ward']
2025-10-01,331400,Flat,1,6,33,6,526.0,0.1813,Christchurch City,"['Heathcote Ward', 'Cashmere Ward']"
2025-10-01,321000,Flat,2,9,78,3,506.0,0.1915,Christchurch City,"['Hornby Ward', 'Riccarton Ward']"
2025-10-01,323000,Flat,2,9,87,3,516.0,0.1585,Christchurch City,['Fendalton Ward']
2025-10-01,323300,Flat,2,6,51,3,459.0,0.1686,Christchurch City,['Riccarton Ward']
2025-10-01,323800,Flat,2,6,18,0,323.0,0.2032,Christchurch City,['Innes Ward']
2025-10-01,323900,Flat,2,6,141,6,409.0,0.1623,Christchurch City,"['Central Ward', 'Fendalton Ward']"
2025-10-01,324400,Flat,2,9,93,9,431.0,0.105,Christchurch City,['Riccarton Ward']
2025-10-01,324800,Flat,2,6,69,6,365.0,0.2373,Christchurch City,"['Central Ward', 'Innes Ward']"
2025-10-01,325300,Flat,2,6,48,3,233.0,0.3797,Christchurch City,"['Central Ward', 'Innes Ward']"
2025-10-01,325800,Flat,2,6,39,3,365.0,0.4036,Christchurch City,['Central Ward']
2025-10-01,326800,Flat,2,6,36,3,460.0,0.3,Christchurch City,['Central Ward']
2025-10-01,327000,Flat,2,6,39,6,667.0,0.2684,Christchurch City,['Central Ward']
2025-10-01,327900,Flat,2,6,45,0,209.0,0.461,Christchurch City,"['Central Ward', 'Linwood Ward']"
2025-10-01,328900,Flat,2,6,99,0,541.0,0.2205,Christchurch City,"['Linwood Ward', 'Central Ward']"
2025-10-01,329600,Flat,2,18,192,9,568.0,0.2058,Christchurch City,['Linwood Ward']
2025-10-01,329700,Flat,2,12,90,6,522.0,0.4977,Christchurch City,['Heathcote Ward']
2025-10-01,330200,Flat,2,15,204,0,204.0,0.7888,Christchurch City,['Coastal Ward']
2025-10-01,317800,Flat,ALL,15,24,3,684.0,0.3068,Christchurch City,['Harewood Ward']
2025-10-01,320200,Flat,ALL,15,48,3,584.0,0.3627,Christchurch City,"['Waimairi Ward', 'Fendalton Ward']"
2025-10-01,320300,Flat,ALL,6,9,0,754.0,0.1848,Christchurch City,['Hornby Ward']
2025-10-01,321000,Flat,ALL,6,6,0,680.0,0.2911,Christchurch City,"['Hornby Ward', 'Riccarton Ward']"
2025-10-01,323000,Flat,ALL,6,12,0,675.0,0.3454,Christchurch City,['Fendalton Ward']
2025-10-01,323300,Flat,ALL,6,6,0,781.0,0.2181,Christchurch City,['Riccarton Ward']
2025-10-01,323800,Flat,ALL,6,3,3,563.0,0.3554,Christchurch City,['Innes Ward']
2025-10-01,323900,Flat,ALL,12,27,0,631.0,0.2691,Christchurch City,"['Central Ward', 'Fendalton Ward']"
2025-10-01,324400,Flat,ALL,6,12,0,646.0,0.4975,Christchurch City,['Riccarton Ward']
2025-10-01,324800,Flat,ALL,9,21,0,543.0,0.3558,Christchurch City,"['Central Ward', 'Innes Ward']"
2025-10-01,325300,Flat,ALL,15,21,0,639.0,0.3358,Christchurch City,"['Central Ward', 'Innes Ward']"
2025-10-01,325700,Flat,ALL,9,12,3,607.0,0.2757,Christchurch City,['Central Ward']
2025-10-01,325800,Flat,ALL,6,6,0,657.0,0.366,Christchurch City,['Central Ward']
2025-10-01,326100,Flat,ALL,12,18,0,661.0,0.2406,Christchurch City,['Spreydon Ward']
2025-10-01,326800,Flat,ALL,6,15,0,757.0,0.181,Christchurch City,['Central Ward']
2025-10-01,327000,Flat,ALL,9,12,3,568.0,0.2544,Christchurch City,['Central Ward']
2025-10-01,327400,Flat,ALL,6,12,0,541.0,0.1239,Christchurch City,"['Central Ward', 'Spreydon Ward']"
2025-10-01,327600,Flat,ALL,9,15,0,532.0,0.1613,Christchurch City,['Spreydon Ward']
2025-10-01,327900,Flat,ALL,6,24,3,707.0,0.1931,Christchurch City,"['Central Ward', 'Linwood Ward']"
2025-10-01,328900,Flat,ALL,9,48,0,573.0,0.4668,Christchurch City,"['Linwood Ward', 'Central Ward']"
2025-10-01,329100,Flat,ALL,6,15,0,580.0,0.1249,Christchurch City,['Cashmere Ward']
2025-10-01,329200,Flat,ALL,15,15,0,402.0,0.0523,Christchurch City,"['Cashmere Ward', 'Spreydon Ward']"
2025-10-01,329600,Flat,ALL,6,12,0,717.0,0.205,Christchurch City,['Linwood Ward']
2025-10-01,329700,Flat,ALL,6,18,0,711.0,0.2238,Christchurch City,['Heathcote Ward']
2025-10-01,329900,Flat,ALL,9,15,3,541.0,0.1282,Christchurch City,['Heathcote Ward']
2025-10-01,330200,Flat,ALL,12,18,0,655.0,0.2535,Christchurch City,['Coastal Ward']
2025-10-01,330500,Flat,ALL,15,18,0,511.0,0.2706,Christchurch City,['Linwood Ward']
2025-10-01,331100,Flat,ALL,6,9,0,638.0,0.1979,Christchurch City,"['Linwood Ward', 'Heathcote Ward']"
2025-10-01,332700,Flat,ALL,15,24,0,494.0,0.6266,Christchurch City,['Heathcote Ward']
2025-10-01,317700,House,1,18,183,12,741.0,0.0886,Christchurch City,['Waimairi Ward']
2025-10-01,317800,House,1,12,192,12,732.0,0.1491,Christchurch City,['Harewood Ward']
2025-10-01,318000,House,1,6,69,3,639.0,0.2407,Christchurch City,['Harewood Ward']
2025-10-01,318300,House,1,6,180,12,684.0,0.125,Christchurch City,['Waimairi Ward']
2025-10-01,318400,House,1,9,174,12,641.0,0.071,Christchurch City,"['Innes Ward', 'Papanui Ward']"
2025-10-01,319000,House,1,9,111,6,661.0,0.1576,Christchurch City,['Harewood Ward']
2025-10-01,319200,House,1,9,195,12,600.0,0.2856,Christchurch City,['Waimairi Ward']
2025-10-01,319300,House,1,9,114,3,688.0,0.0719,Christchurch City,['Hornby Ward']
2025-10-01,319700,House,1,6,132,6,691.0,0.0803,Christchurch City,['Waimairi Ward']
2025-10-01,319900,House,1,15,153,6,637.0,0.1094,Christchurch City,"['Fendalton Ward', 'Papanui Ward']"
2025-10-01,320100,House,1,6,120,3,757.0,0.1161,Christchurch City,['Papanui Ward']
2025-10-01,320200,House,1,9,150,3,684.0,0.149,Christchurch City,"['Waimairi Ward', 'Fendalton Ward']"
2025-10-01,320300,House,1,15,192,12,684.0,0.2123,Christchurch City,['Hornby Ward']
2025-10-01,320500,House,1,6,216,6,656.0,0.1316,Christchurch City,['Papanui Ward']
2025-10-01,320600,House,1,12,225,9,563.0,0.3039,Christchurch City,['Fendalton Ward']
2025-10-01,320700,House,1,12,168,6,622.0,0.1363,Christchurch City,['Riccarton Ward']
2025-10-01,321000,House,1,6,144,6,677.0,0.0661,Christchurch City,"['Hornby Ward', 'Riccarton Ward']"
2025-10-01,321100,House,1,9,189,9,699.0,0.1073,Christchurch City,['Hornby Ward']
2025-10-01,321200,House,1,9,135,6,785.0,0.1011,Christchurch City,['Riccarton Ward']
2025-10-01,321700,House,1,9,192,6,565.0,0.2416,Christchurch City,['Innes Ward']
2025-10-01,321800,House,1,6,57,0,661.0,0.1611,Christchurch City,['Riccarton Ward']
2025-10-01,322000,House,1,9,153,3,495.0,0.6798,Christchurch City,['Riccarton Ward']
2025-10-01,322100,House,1,6,69,3,620.0,0.0395,Christchurch City,"['Innes Ward', 'Papanui Ward']"
2025-10-01,322200,House,1,9,255,9,644.0,0.0574,Christchurch City,"['Papanui Ward', 'Fendalton Ward']"
2025-10-01,322400,House,1,9,144,12,674.0,0.5078,Christchurch City,"['Riccarton Ward', 'Fendalton Ward']"
2025-10-01,322600,House,1,12,156,12,629.0,0.1085,Christchurch City,['Fendalton Ward']
2025-10-01,322700,House,1,9,210,0,616.0,0.0911,Christchurch City,['Riccarton Ward']
2025-10-01,322900,House,1,6,96,0,626.0,0.1253,Christchurch City,['Halswell Ward']
2025-10-01,323000,House,1,6,126,3,778.0,0.0878,Christchurch City,['Fendalton Ward']
2025-10-01,323200,House,1,6,102,3,801.0,0.1136,Christchurch City,['Riccarton Ward']
2025-10-01,323300,House,1,6,105,6,768.0,0.0986,Christchurch City,['Riccarton Ward']
2025-10-01,323400,House,1,9,99,6,777.0,0.1387,Christchurch City,['Innes Ward']
2025-10-01,323800,House,1,6,147,3,529.0,0.5827,Christchurch City,['Innes Ward']
2025-10-01,323900,House,1,6,87,9,722.0,0.0348,Christchurch City,"['Central Ward', 'Fendalton Ward']"
2025-10-01,324400,House,1,9,126,6,742.0,0.1039,Christchurch City,['Riccarton Ward']
2025-10-01,324500,House,1,24,231,15,644.0,0.0868,Christchurch City,['Halswell Ward']
2025-10-01,324600,House,1,9,189,6,627.0,0.0727,Christchurch City,['Burwood Ward']
2025-10-01,324800,House,1,9,189,6,635.0,0.1184,Christchurch City,"['Central Ward', 'Innes Ward']"
2025-10-01,325000,House,1,12,90,9,700.0,0.1177,Christchurch City,"['Halswell Ward', 'Spreydon Ward']"
2025-10-01,325200,House,1,9,75,3,787.0,0.1066,Christchurch City,['Riccarton Ward']
2025-10-01,325300,House,1,9,177,9,617.0,0.1134,Christchurch City,"['Central Ward', 'Innes Ward']"
2025-10-01,325700,House,1,6,99,9,664.0,0.0955,Christchurch City,['Central Ward']
2025-10-01,325800,House,1,15,192,3,653.0,0.095,Christchurch City,['Central Ward']
2025-10-01,325900,House,1,9,117,3,683.0,0.1234,Christchurch City,"['Innes Ward', 'Central Ward']"
2025-10-01,326100,House,1,6,123,6,651.0,0.101,Christchurch City,['Spreydon Ward']
2025-10-01,326500,House,1,9,117,9,838.0,0.1441,Christchurch City,['Burwood Ward']
2025-10-01,326800,House,1,12,207,9,641.0,0.068,Christchurch City,['Central Ward']
2025-10-01,326900,House,1,18,138,9,536.0,0.4742,Christchurch City,['Spreydon Ward']
2025-10-01,327000,House,1,18,207,12,590.0,0.4806,Christchurch City,['Central Ward']
2025-10-01,327100,House,1,12,87,6,844.0,0.1825,Christchurch City,['Central Ward']
2025-10-01,327200,House,1,15,186,15,697.0,0.3457,Christchurch City,['Coastal Ward']
2025-10-01,327300,House,1,6,48,6,1259.0,0.3086,Christchurch City,['Halswell Ward']
2025-10-01,327400,House,1,9,123,3,736.0,0.1798,Christchurch City,"['Central Ward', 'Spreydon Ward']"
2025-10-01,327600,House,1,6,144,3,637.0,0.0648,Christchurch City,['Spreydon Ward']
2025-10-01,327700,House,1,6,60,0,1115.0,0.5113,Christchurch City,"['Spreydon Ward', 'Halswell Ward']"
2025-10-01,327900,House,1,6,159,6,673.0,0.0199,Christchurch City,"['Central Ward', 'Linwood Ward']"
2025-10-01,328200,House,1,9,93,9,772.0,0.1851,Christchurch City,['Spreydon Ward']
2025-10-01,328500,House,1,6,108,3,658.0,0.0632,Christchurch City,"['Central Ward', 'Linwood Ward']"
2025-10-01,328700,House,1,12,177,6,638.0,0.0956,Christchurch City,['Heathcote Ward']
2025-10-01,328800,House,1,6,132,3,594.0,0.0992,Christchurch City,"['Linwood Ward', 'Central Ward', 'Heathcote Ward']"
2025-10-01,328900,House,1,9,129,6,1159.0,0.154,Christchurch City,"['Linwood Ward', 'Central Ward']"
2025-10-01,329000,House,1,12,126,9,1249.0,0.558,Christchurch City,['Halswell Ward']
2025-10-01,329100,House,1,9,204,9,604.0,0.3893,Christchurch City,['Cashmere Ward']
2025-10-01,329400,House,1,12,90,6,785.0,0.1136,Christchurch City,['Heathcote Ward']
2025-10-01,329600,House,1,9,99,3,773.0,0.1602,Christchurch City,['Linwood Ward']
2025-10-01,329700,House,1,6,144,9,658.0,0.0884,Christchurch City,['Heathcote Ward']
2025-10-01,329900,House,1,12,147,3,597.0,0.3819,Christchurch City,['Heathcote Ward']
2025-10-01,330200,House,1,9,102,6,622.0,0.2115,Christchurch City,['Coastal Ward']
2025-10-01,331100,House,1,6,60,3,989.0,0.3343,Christchurch City,"['Linwood Ward', 'Heathcote Ward']"
2025-10-01,332500,House,1,6,81,6,661.0,0.5489,Christchurch City,['Banks Peninsula Ward']
2025-10-01,332700,House,1,6,117,6,796.0,0.1806,Christchurch City,['Heathcote Ward']
2025-10-01,316600,House,3,6,36,0,1206.0,0.1612,Christchurch City,"['Hornby Ward', 'Harewood Ward']"
2025-10-01,317800,House,3,6,27,0,1104.0,0.1562,Christchurch City,['Harewood Ward']
2025-10-01,317900,House,3,9,72,3,368.0,0.7874,Christchurch City,"['Papanui Ward', 'Harewood Ward']"
2025-10-01,318300,House,3,12,72,6,953.0,0.1836,Christchurch City,['Waimairi Ward']
2025-10-01,318600,House,3,6,42,0,1374.0,0.2768,Christchurch City,['Papanui Ward']
2025-10-01,318900,House,3,6,75,3,1080.0,0.2367,Christchurch City,['Waimairi Ward']
2025-10-01,319200,House,3,6,48,3,901.0,0.0507,Christchurch City,['Waimairi Ward']
2025-10-01,319300,House,3,6,21,3,797.0,0.0962,Christchurch City,['Hornby Ward']
2025-10-01,319500,House,3,6,72,0,1100.0,0.116,Christchurch City,['Waimairi Ward']
2025-10-01,319600,House,3,6,72,3,1044.0,0.0614,Christchurch City,['Papanui Ward']
2025-10-01,319800,House,3,9,48,0,804.0,0.1264,Christchurch City,['Hornby Ward']
2025-10-01,319900,House,3,6,36,3,1059.0,0.0717,Christchurch City,"['Fendalton Ward', 'Papanui Ward']"
2025-10-01,320100,House,3,9,72,3,1185.0,0.2683,Christchurch City,['Papanui Ward']
2025-10-01,320200,House,3,6,51,0,880.0,0.2632,Christchurch City,"['Waimairi Ward', 'Fendalton Ward']"
2025-10-01,320500,House,3,6,60,0,850.0,0.0412,Christchurch City,['Papanui Ward']
2025-10-01,320600,House,3,9,87,0,1207.0,0.1327,Christchurch City,['Fendalton Ward']
2025-10-01,320700,House,3,6,45,3,1165.0,0.0977,Christchurch City,['Riccarton Ward']
2025-10-01,320900,House,3,6,48,0,838.0,0.2503,Christchurch City,['Papanui Ward']
2025-10-01,321000,House,3,6,39,0,564.0,0.5062,Christchurch City,"['Hornby Ward', 'Riccarton Ward']"
2025-10-01,321100,House,3,6,93,0,880.0,0.1902,Christchurch City,['Hornby Ward']
2025-10-01,321400,House,3,6,57,0,1009.0,0.0778,Christchurch City,['Fendalton Ward']
2025-10-01,321700,House,3,6,117,6,363.0,0.9881,Christchurch City,['Innes Ward']
2025-10-01,321800,House,3,6,45,3,755.0,0.1385,Christchurch City,['Riccarton Ward']
2025-10-01,322100,House,3,9,60,0,1046.0,0.1112,Christchurch City,"['Innes Ward', 'Papanui Ward']"
2025-10-01,322200,House,3,6,33,3,773.0,0.127,Christchurch City,"['Papanui Ward', 'Fendalton Ward']"
2025-10-01,322700,House,3,6,45,3,812.0,0.1574,Christchurch City,['Riccarton Ward']
2025-10-01,322800,House,3,9,72,0,874.0,0.148,Christchurch City,['Halswell Ward']
2025-10-01,322900,House,3,6,51,0,845.0,0.2408,Christchurch City,['Halswell Ward']
2025-10-01,323100,House,3,6,36,3,841.0,0.1144,Christchurch City,['Innes Ward']
2025-10-01,323300,House,3,9,75,6,883.0,0.1098,Christchurch City,['Riccarton Ward']
2025-10-01,323400,House,3,9,96,3,837.0,0.1984,Christchurch City,['Innes Ward']
2025-10-01,323900,House,3,6,90,0,815.0,0.056,Christchurch City,"['Central Ward', 'Fendalton Ward']"
2025-10-01,324300,House,3,6,39,18,352.0,0.0686,Christchurch City,['Halswell Ward']
2025-10-01,324400,House,3,6,57,3,770.0,0.092,Christchurch City,['Riccarton Ward']
2025-10-01,324500,House,3,6,48,0,869.0,0.1652,Christchurch City,['Halswell Ward']
2025-10-01,324800,House,3,6,75,3,800.0,0.0737,Christchurch City,"['Central Ward', 'Innes Ward']"
2025-10-01,325000,House,3,6,57,6,860.0,0.1024,Christchurch City,"['Halswell Ward', 'Spreydon Ward']"
2025-10-01,325100,House,3,6,42,3,802.0,0.0495,Christchurch City,['Coastal Ward']
2025-10-01,325300,House,3,12,111,6,845.0,0.0852,Christchurch City,"['Central Ward', 'Innes Ward']"
2025-10-01,325600,House,3,6,96,0,887.0,0.1316,Christchurch City,['Burwood Ward']
2025-10-01,325900,House,3,6,51,0,791.0,0.1107,Christchurch City,"['Innes Ward', 'Central Ward']"
2025-10-01,326100,House,3,9,57,9,785.0,0.0838,Christchurch City,['Spreydon Ward']
2025-10-01,326300,House,3,12,129,3,833.0,0.0483,Christchurch City,['Halswell Ward']
2025-10-01,326500,House,3,6,66,3,754.0,0.0789,Christchurch City,['Burwood Ward']
2025-10-01,326700,House,3,6,90,3,817.0,0.0463,Christchurch City,['Spreydon Ward']
2025-10-01,326800,House,3,9,111,9,815.0,0.0429,Christchurch City,['Central Ward']
2025-10-01,326900,House,3,9,75,3,859.0,0.053,Christchurch City,['Spreydon Ward']
2025-10-01,327000,House,3,6,90,0,790.0,0.0923,Christchurch City,['Central Ward']
2025-10-01,327100,House,3,6,72,6,791.0,0.1018,Christchurch City,['Central Ward']
2025-10-01,327200,House,3,6,60,3,743.0,0.0443,Christchurch City,['Coastal Ward']
2025-10-01,327300,House,3,6,30,0,790.0,0.0902,Christchurch City,['Halswell Ward']
2025-10-01,327400,House,3,15,168,9,779.0,0.0612,Christchurch City,"['Central Ward', 'Spreydon Ward']"
2025-10-01,327500,House,3,6,33,3,736.0,0.0597,Christchurch City,['Burwood Ward']
2025-10-01,327600,House,3,9,75,6,852.0,0.1212,Christchurch City,['Spreydon Ward']
2025-10-01,327700,House,3,12,63,6,782.0,0.2053,Christchurch City,"['Spreydon Ward', 'Halswell Ward']"
2025-10-01,327900,House,3,6,102,3,662.0,0.0582,Christchurch City,"['Central Ward', 'Linwood Ward']"
2025-10-01,328200,House,3,6,39,3,806.0,0.1401,Christchurch City,['Spreydon Ward']
2025-10-01,328300,House,3,9,102,0,726.0,0.0511,Christchurch City,['Coastal Ward']
2025-10-01,328500,House,3,6,30,0,709.0,0.0475,Christchurch City,"['Central Ward', 'Linwood Ward']"
2025-10-01,328700,House,3,9,84,3,756.0,0.1288,Christchurch City,['Heathcote Ward']
2025-10-01,328900,House,3,6,66,3,655.0,0.038,Christchurch City,"['Linwood Ward', 'Central Ward']"
2025-10-01,329300,House,3,6,21,0,714.0,0.0719,Christchurch City,['Linwood Ward']
2025-10-01,329400,House,3,6,18,3,900.0,0.1078,Christchurch City,['Heathcote Ward']
2025-10-01,329500,House,3,6,12,3,710.0,0.0617,Christchurch City,"['Cashmere Ward', 'Spreydon Ward']"
2025-10-01,329700,House,3,9,156,12,746.0,0.0466,Christchurch City,['Heathcote Ward']
2025-10-01,329900,House,3,9,105,6,776.0,0.067,Christchurch City,['Heathcote Ward']
2025-10-01,330100,House,3,12,195,6,782.0,0.0499,Christchurch City,['Linwood Ward']
2025-10-01,331700,House,3,15,144,15,775.0,0.0423,Christchurch City,['Coastal Ward']
2025-10-01,331900,House,3,6,21,0,693.0,0.0598,Christchurch City,['Heathcote Ward']
2025-10-01,332000,House,3,6,33,3,706.0,0.1051,Christchurch City,['Heathcote Ward']
2025-10-01,332100,House,3,6,51,6,672.0,0.0544,Christchurch City,['Heathcote Ward']
2025-10-01,332500,House,3,6,48,6,683.0,0.0524,Christchurch City,['Banks Peninsula Ward']
2025-10-01,317800,House,4,6,57,3,422.0,0.6418,Christchurch City,['Harewood Ward']
2025-10-01,318300,House,4,15,168,9,631.0,0.1442,Christchurch City,['Waimairi Ward']
2025-10-01,319200,House,4,6,36,0,649.0,0.0749,Christchurch City,['Waimairi Ward']
2025-10-01,319500,House,4,6,45,0,623.0,0.0977,Christchurch City,['Waimairi Ward']
2025-10-01,319900,House,4,6,51,0,573.0,0.0398,Christchurch City,"['Fendalton Ward', 'Papanui Ward']"
2025-10-01,320200,House,4,6,30,3,326.0,0.7993,Christchurch City,"['Waimairi Ward', 'Fendalton Ward']"
2025-10-01,320700,House,4,15,186,12,485.0,0.6678,Christchurch City,['Riccarton Ward']
2025-10-01,320900,House,4,6,30,0,486.0,0.0802,Christchurch City,['Papanui Ward']
2025-10-01,321000,House,4,6,75,6,528.0,0.1127,Christchurch City,"['Hornby Ward', 'Riccarton Ward']"
2025-10-01,321200,House,4,9,36,3,496.0,0.1194,Christchurch City,['Riccarton Ward']
2025-10-01,321800,House,4,6,39,6,520.0,0.1925,Christchurch City,['Riccarton Ward']
2025-10-01,322200,House,4,6,36,3,592.0,0.1145,Christchurch City,"['Papanui Ward', 'Fendalton Ward']"
2025-10-01,322400,House,4,15,69,3,448.0,0.1303,Christchurch City,"['Riccarton Ward', 'Fendalton Ward']"
2025-10-01,322500,House,4,9,54,9,510.0,0.0529,Christchurch City,['Halswell Ward']
2025-10-01,322700,House,4,6,48,0,527.0,0.0423,Christchurch City,['Riccarton Ward']
2025-10-01,323300,House,4,6,63,6,532.0,0.0554,Christchurch City,['Riccarton Ward']
2025-10-01,324100,House,4,6,48,3,540.0,0.1026,Christchurch City,['Halswell Ward']
2025-10-01,324400,House,4,6,78,3,463.0,0.1322,Christchurch City,['Riccarton Ward']
2025-10-01,324500,House,4,6,18,0,498.0,0.0804,Christchurch City,['Halswell Ward']
2025-10-01,324800,House,4,6,57,6,457.0,0.1162,Christchurch City,"['Central Ward', 'Innes Ward']"
2025-10-01,325400,House,4,6,24,3,514.0,0.1348,Christchurch City,['Halswell Ward']
2025-10-01,325600,House,4,6,27,0,464.0,0.149,Christchurch City,['Burwood Ward']
2025-10-01,327900,House,4,9,72,3,530.0,0.1285,Christchurch City,"['Central Ward', 'Linwood Ward']"
2025-10-01,328900,House,4,6,63,3,576.0,0.2558,Christchurch City,"['Linwood Ward', 'Central Ward']"
2025-10-01,329100,House,4,6,99,0,524.0,0.1592,Christchurch City,['Cashmere Ward']
2025-10-01,330600,House,4,9,33,3,524.0,0.3767,Christchurch City,['Cashmere Ward']
2025-10-01,332100,House,4,6,42,3,466.0,0.0952,Christchurch City,['Heathcote Ward']
2025-10-01,320200,House,5+,9,75,3,604.0,0.0886,Christchurch City,"['Waimairi Ward', 'Fendalton Ward']"
2025-10-01,323300,House,5+,6,54,3,584.0,0.0532,Christchurch City,['Riccarton Ward']
2025-10-01,317700,House,2,18,51,3,559.0,0.2861,Christchurch City,['Waimairi Ward']
2025-10-01,317900,House,2,6,30,3,670.0,0.3269,Christchurch City,"['Papanui Ward', 'Harewood Ward']"
2025-10-01,319200,House,2,6,24,0,1119.0,0.6059,Christchurch City,['Waimairi Ward']
2025-10-01,319300,House,2,9,90,6,653.0,0.2955,Christchurch City,['Hornby Ward']
2025-10-01,319800,House,2,9,60,0,775.0,0.1751,Christchurch City,['Hornby Ward']
2025-10-01,320500,House,2,6,36,0,1203.0,0.1446,Christchurch City,['Papanui Ward']
2025-10-01,320700,House,2,12,54,6,494.0,0.5177,Christchurch City,['Riccarton Ward']
2025-10-01,321800,House,2,6,39,0,676.0,0.4428,Christchurch City,['Riccarton Ward']
2025-10-01,322100,House,2,6,57,6,703.0,0.5235,Christchurch City,"['Innes Ward', 'Papanui Ward']"
2025-10-01,323000,House,2,9,54,3,1050.0,0.4157,Christchurch City,['Fendalton Ward']
2025-10-01,323100,House,2,6,33,3,1246.0,0.5267,Christchurch City,['Innes Ward']
2025-10-01,323200,House,2,6,24,3,957.0,0.4087,Christchurch City,['Riccarton Ward']
2025-10-01,323300,House,2,9,63,6,531.0,0.1959,Christchurch City,['Riccarton Ward']
2025-10-01,323800,House,2,6,15,3,875.0,0.6196,Christchurch City,['Innes Ward']
2025-10-01,323900,House,2,9,72,6,595.0,0.1161,Christchurch City,"['Central Ward', 'Fendalton Ward']"
2025-10-01,324400,House,2,6,21,6,850.0,0.1523,Christchurch City,['Riccarton Ward']
2025-10-01,324800,House,2,12,81,6,652.0,0.1081,Christchurch City,"['Central Ward', 'Innes Ward']"
2025-10-01,325200,House,2,9,75,9,649.0,0.5384,Christchurch City,['Riccarton Ward']
2025-10-01,325300,House,2,6,27,0,698.0,0.2311,Christchurch City,"['Central Ward', 'Innes Ward']"
2025-10-01,325800,House,2,15,78,0,601.0,0.1892,Christchurch City,['Central Ward']
2025-10-01,326100,House,2,15,135,6,607.0,0.2209,Christchurch City,['Spreydon Ward']
2025-10-01,326800,House,2,6,30,0,714.0,0.1251,Christchurch City,['Central Ward']
2025-10-01,326900,House,2,6,21,0,834.0,0.1368,Christchurch City,['Spreydon Ward']
2025-10-01,327000,House,2,18,84,0,557.0,0.1216,Christchurch City,['Central Ward']
2025-10-01,327400,House,2,6,66,0,643.0,0.0821,Christchurch City,"['Central Ward', 'Spreydon Ward']"
2025-10-01,327600,House,2,9,51,3,670.0,0.1141,Christchurch City,['Spreydon Ward']
2025-10-01,327900,House,2,21,117,0,685.0,0.1208,Christchurch City,"['Central Ward', 'Linwood Ward']"
2025-10-01,328500,House,2,12,69,3,729.0,0.087,Christchurch City,"['Central Ward', 'Linwood Ward']"
2025-10-01,328900,House,2,6,42,3,601.0,0.1906,Christchurch City,"['Linwood Ward', 'Central Ward']"
2025-10-01,329100,House,2,6,30,0,667.0,0.1018,Christchurch City,['Cashmere Ward']
2025-10-01,329400,House,2,6,63,0,616.0,0.1211,Christchurch City,['Heathcote Ward']
2025-10-01,329600,House,2,6,51,0,582.0,0.2451,Christchurch City,['Linwood Ward']
2025-10-01,329700,House,2,6,36,3,685.0,0.1708,Christchurch City,['Heathcote Ward']
2025-10-01,330200,House,2,9,51,3,691.0,0.137,Christchurch City,['Coastal Ward']
2025-10-01,331300,House,2,6,45,0,840.0,0.1301,Christchurch City,['Cashmere Ward']
2025-10-01,332100,House,2,6,45,0,661.0,0.1346,Christchurch City,['Heathcote Ward']
2025-10-01,332500,House,2,6,60,0,456.0,0.5595,Christchurch City,['Banks Peninsula Ward']
2025-10-01,319800,House,5+,6,30,0,577.0,0.1929,Christchurch City,['Hornby Ward']
2025-10-01,319900,House,5+,6,18,3,546.0,0.1585,Christchurch City,"['Fendalton Ward', 'Papanui Ward']"
2025-10-01,320200,House,5+,6,36,0,550.0,0.1632,Christchurch City,"['Waimairi Ward', 'Fendalton Ward']"
2025-10-01,320600,House,5+,6,15,0,626.0,0.0663,Christchurch City,['Fendalton Ward']
2025-10-01,320700,House,5+,15,72,3,711.0,0.1802,Christchurch City,['Riccarton Ward']
2025-10-01,321200,House,5+,6,24,3,545.0,0.1622,Christchurch City,['Riccarton Ward']
2025-10-01,321800,House,5+,6,21,0,726.0,0.0942,Christchurch City,['Riccarton Ward']
2025-10-01,322000,House,5+,6,33,0,687.0,0.0627,Christchurch City,['Riccarton Ward']
2025-10-01,322700,House,5+,6,24,3,668.0,0.0863,Christchurch City,['Riccarton Ward']
2025-10-01,323300,House,5+,6,21,0,475.0,0.2016,Christchurch City,['Riccarton Ward']
2025-10-01,320200,Room,1,18,60,6,593.0,0.1302,Christchurch City,"['Waimairi Ward', 'Fendalton Ward']"
2025-10-01,321000,Room,1,6,39,3,661.0,0.0877,Christchurch City,"['Hornby Ward', 'Riccarton Ward']"
2025-10-01,323300,Room,1,6,24,3,664.0,0.2262,Christchurch City,['Riccarton Ward']
2025-10-01,326100,Room,1,9,27,6,549.0,0.2254,Christchurch City,['Spreydon Ward']
2025-10-01,316600,House,NA,15,141,9,584.0,0.2518,Christchurch City,"['Hornby Ward', 'Harewood Ward']"
2025-10-01,316900,House,NA,6,96,6,616.0,0.1364,Christchurch City,['Harewood Ward']
2025-10-01,317900,House,NA,39,243,15,791.0,0.2439,Christchurch City,"['Papanui Ward', 'Harewood Ward']"
2025-10-01,318000,House,NA,9,69,6,684.0,0.1966,Christchurch City,['Harewood Ward']
2025-10-01,318400,House,NA,21,210,15,574.0,1.5559,Christchurch City,"['Innes Ward', 'Papanui Ward']"
2025-10-01,319600,House,NA,30,246,18,668.0,0.2162,Christchurch City,['Papanui Ward']
2025-10-01,320100,House,NA,30,123,6,830.0,0.1716,Christchurch City,['Papanui Ward']
2025-10-01,320600,House,NA,30,177,12,888.0,0.2019,Christchurch City,['Fendalton Ward']
2025-10-01,321300,House,NA,51,372,6,750.0,0.2989,Christchurch City,"['Burwood Ward', 'Innes Ward']"
2025-10-01,321700,House,NA,9,126,6,985.0,0.3697,Christchurch City,['Innes Ward']
2025-10-01,321800,House,NA,12,114,9,760.0,0.2135,Christchurch City,['Riccarton Ward']
2025-10-01,322100,House,NA,12,66,3,792.0,0.1114,Christchurch City,"['Innes Ward', 'Papanui Ward']"
2025-10-01,322600,House,NA,18,132,9,821.0,0.1894,Christchurch City,['Fendalton Ward']
2025-10-01,322900,House,NA,27,201,12,682.0,0.324,Christchurch City,['Halswell Ward']
2025-10-01,323200,House,NA,6,102,6,656.0,0.2271,Christchurch City,['Riccarton Ward']
2025-10-01,323300,House,NA,15,186,6,656.0,0.1714,Christchurch City,['Riccarton Ward']
2025-10-01,323600,House,NA,6,48,0,655.0,0.2772,Christchurch City,['Halswell Ward']
2025-10-01,323800,House,NA,21,195,15,665.0,0.3682,Christchurch City,['Innes Ward']
2025-10-01,324300,House,NA,12,141,9,362.0,1.8681,Christchurch City,['Halswell Ward']
2025-10-01,324400,House,NA,15,294,12,725.0,0.1127,Christchurch City,['Riccarton Ward']
2025-10-01,324500,House,NA,36,294,15,736.0,0.1811,Christchurch City,['Halswell Ward']
2025-10-01,324800,House,NA,27,249,15,628.0,0.161,Christchurch City,"['Central Ward', 'Innes Ward']"
2025-10-01,325300,House,NA,15,129,3,719.0,0.1876,Christchurch City,"['Central Ward', 'Innes Ward']"
2025-10-01,325700,House,NA,6,36,6,915.0,0.7426,Christchurch City,['Central Ward']
2025-10-01,325800,House,NA,6,90,9,766.0,0.4239,Christchurch City,['Central Ward']
2025-10-01,326100,House,NA,12,111,3,921.0,0.4725,Christchurch City,['Spreydon Ward']
2025-10-01,326300,House,NA,12,99,3,1112.0,0.6607,Christchurch City,['Halswell Ward']
2025-10-01,326500,House,NA,6,180,3,641.0,0.2483,Christchurch City,['Burwood Ward']
2025-10-01,326800,House,NA,18,231,12,716.0,0.2151,Christchurch City,['Central Ward']
2025-10-01,326900,House,NA,18,129,6,742.0,0.3484,Christchurch City,['Spreydon Ward']
2025-10-01,327000,House,NA,12,105,3,660.0,0.243,Christchurch City,['Central Ward']
2025-10-01,327100,House,NA,12,123,3,700.0,0.4435,Christchurch City,['Central Ward']
2025-10-01,327300,House,NA,18,198,15,760.0,0.2073,Christchurch City,['Halswell Ward']
2025-10-01,327400,House,NA,9,117,9,678.0,0.3227,Christchurch City,"['Central Ward', 'Spreydon Ward']"
2025-10-01,327600,House,NA,21,252,12,951.0,0.1795,Christchurch City,['Spreydon Ward']
2025-10-01,327900,House,NA,9,144,12,662.0,0.2809,Christchurch City,"['Central Ward', 'Linwood Ward']"
2025-10-01,328000,House,NA,36,315,9,776.0,0.2316,Christchurch City,['Halswell Ward']
2025-10-01,328100,House,NA,30,297,12,792.0,0.3251,Christchurch City,['Central Ward']
2025-10-01,328200,House,NA,27,252,15,835.0,0.3957,Christchurch City,['Spreydon Ward']
2025-10-01,328500,House,NA,66,510,24,636.0,0.4697,Christchurch City,"['Central Ward', 'Linwood Ward']"
2025-10-01,328700,House,NA,6,33,3,589.0,0.1661,Christchurch City,['Heathcote Ward']
2025-10-01,328800,House,NA,15,273,6,741.0,0.2135,Christchurch City,"['Linwood Ward', 'Central Ward', 'Heathcote Ward']"
2025-10-01,328900,House,NA,21,117,9,625.0,0.2516,Christchurch City,"['Linwood Ward', 'Central Ward']"
2025-10-01,329000,House,NA,12,180,6,885.0,0.2348,Christchurch City,['Halswell Ward']
2025-10-01,329100,House,NA,24,246,9,753.0,0.1288,Christchurch City,['Cashmere Ward']
2025-10-01,329300,House,NA,27,294,15,743.0,0.179,Christchurch City,['Linwood Ward']
2025-10-01,329400,House,NA,21,243,12,795.0,0.1606,Christchurch City,['Heathcote Ward']
2025-10-01,329600,House,NA,6,129,3,755.0,0.4508,Christchurch City,['Linwood Ward']
2025-10-01,329700,House,NA,21,234,12,743.0,0.2734,Christchurch City,['Heathcote Ward']
2025-10-01,329900,House,NA,21,270,15,876.0,0.2593,Christchurch City,['Heathcote Ward']
2025-10-01,330100,House,NA,30,339,21,773.0,0.3548,Christchurch City,['Linwood Ward']
2025-10-01,330200,House,NA,18,207,6,728.0,0.2659,Christchurch City,['Coastal Ward']
2025-10-01,331700,House,NA,18,231,15,817.0,0.3413,Christchurch City,['Coastal Ward']
2025-10-01,320200,Room,ALL,9,153,3,674.0,0.4123,Christchurch City,"['Waimairi Ward', 'Fendalton Ward']"
2025-10-01,321000,Room,ALL,12,162,9,773.0,0.1057,Christchurch City,"['Hornby Ward', 'Riccarton Ward']"
2025-10-01,321200,Room,ALL,30,294,12,759.0,0.1497,Christchurch City,['Riccarton Ward']
2025-10-01,323300,Room,ALL,9,156,3,776.0,0.3499,Christchurch City,['Riccarton Ward']
2025-10-01,326100,Room,ALL,45,456,18,603.0,0.3306,Christchurch City,['Spreydon Ward']
2025-10-01,316600,House,ALL,6,81,3,609.0,0.0287,Christchurch City,"['Hornby Ward', 'Harewood Ward']"
2025-10-01,316900,House,ALL,6,78,3,622.0,0.1983,Christchurch City,['Harewood Ward']
2025-10-01,317300,House,ALL,9,147,9,543.0,0.1943,Christchurch City,['Innes Ward']
2025-10-01,317400,House,ALL,9,75,9,523.0,0.1371,Christchurch City,['Harewood Ward']
2025-10-01,317500,House,ALL,21,174,6,629.0,0.3378,Christchurch City,"['Waimairi Ward', 'Harewood Ward']"
2025-10-01,317600,House,ALL,24,213,6,579.0,0.3693,Christchurch City,['Harewood Ward']
2025-10-01,317700,House,ALL,12,192,9,531.0,0.5317,Christchurch City,['Waimairi Ward']
2025-10-01,317800,House,ALL,9,93,0,539.0,0.5188,Christchurch City,['Harewood Ward']
2025-10-01,317900,House,ALL,30,360,15,457.0,0.4688,Christchurch City,"['Papanui Ward', 'Harewood Ward']"
2025-10-01,318000,House,ALL,9,144,9,662.0,0.1913,Christchurch City,['Harewood Ward']
2025-10-01,318100,House,ALL,6,459,30,362.0,0.5806,Christchurch City,['Hornby Ward']
2025-10-01,318200,House,ALL,6,111,3,485.0,0.2782,Christchurch City,['Hornby Ward']
2025-10-01,318300,House,ALL,15,189,6,307.0,0.5307,Christchurch City,['Waimairi Ward']
2025-10-01,318400,House,ALL,6,129,3,593.0,0.0401,Christchurch City,"['Innes Ward', 'Papanui Ward']"
2025-10-01,318600,House,ALL,9,195,15,378.0,0.3617,Christchurch City,['Papanui Ward']
2025-10-01,318700,House,ALL,27,228,12,470.0,0.4871,Christchurch City,['Hornby Ward']
2025-10-01,318800,House,ALL,9,111,3,582.0,0.1928,Christchurch City,['Papanui Ward']
2025-10-01,318900,House,ALL,6,282,12,799.0,0.3047,Christchurch City,['Waimairi Ward']
2025-10-01,319000,House,ALL,21,306,12,548.0,0.2814,Christchurch City,['Harewood Ward']
2025-10-01,319200,House,ALL,24,177,6,449.0,0.6653,Christchurch City,['Waimairi Ward']
2025-10-01,319300,House,ALL,21,201,6,521.0,0.338,Christchurch City,['Hornby Ward']
2025-10-01,319500,House,ALL,48,240,12,333.0,0.4309,Christchurch City,['Waimairi Ward']
2025-10-01,319600,House,ALL,12,93,9,552.0,0.4333,Christchurch City,['Papanui Ward']
2025-10-01,319700,House,ALL,18,267,9,523.0,0.2011,Christchurch City,['Waimairi Ward']
2025-10-01,319800,House,ALL,9,108,6,585.0,0.1803,Christchurch City,['Hornby Ward']
2025-10-01,319900,House,ALL,9,108,9,373.0,0.6659,Christchurch City,"['Fendalton Ward', 'Papanui Ward']"
2025-10-01,320100,House,ALL,9,123,6,580.0,0.1953,Christchurch City,['Papanui Ward']
2025-10-01,320200,House,ALL,18,258,9,488.0,0.2766,Christchurch City,"['Waimairi Ward', 'Fendalton Ward']"
2025-10-01,320300,House,ALL,12,123,0,617.0,0.1979,Christchurch City,['Hornby Ward']
2025-10-01,320500,House,ALL,9,153,6,705.0,0.2137,Christchurch City,['Papanui Ward']
2025-10-01,320600,House,ALL,6,66,3,530.0,0.5087,Christchurch City,['Fendalton Ward']
2025-10-01,320700,House,ALL,6,63,6,537.0,0.1784,Christchurch City,['Riccarton Ward']
2025-10-01,320800,House,ALL,33,255,21,583.0,0.1709,Christchurch City,"['Fendalton Ward', 'Papanui Ward']"
2025-10-01,320900,House,ALL,9,111,6,634.0,0.1625,Christchurch City,['Papanui Ward']
2025-10-01,321000,House,ALL,9,72,6,576.0,0.2242,Christchurch City,"['Hornby Ward', 'Riccarton Ward']"
2025-10-01,321100,House,ALL,21,213,6,504.0,0.2211,Christchurch City,['Hornby Ward']
2025-10-01,321200,House,ALL,12,153,6,560.0,0.3066,Christchurch City,['Riccarton Ward']
2025-10-01,321300,House,ALL,33,126,12,604.0,0.1197,Christchurch City,"['Burwood Ward', 'Innes Ward']"
2025-10-01,321400,House,ALL,6,39,3,553.0,0.1849,Christchurch City,['Fendalton Ward']
2025-10-01,321500,House,ALL,12,93,3,440.0,0.1545,Christchurch City,['Fendalton Ward']
2025-10-01,321700,House,ALL,18,168,15,430.0,0.2913,Christchurch City,['Innes Ward']
2025-10-01,321800,House,ALL,6,96,3,488.0,0.1226,Christchurch City,['Riccarton Ward']
2025-10-01,321900,House,ALL,18,168,12,514.0,0.1923,Christchurch City,['Halswell Ward']
2025-10-01,322000,House,ALL,6,48,3,441.0,0.2676,Christchurch City,['Riccarton Ward']
2025-10-01,322100,House,ALL,15,114,6,440.0,0.3186,Christchurch City,"['Innes Ward', 'Papanui Ward']"
2025-10-01,322200,House,ALL,6,72,3,412.0,0.1384,Christchurch City,"['Papanui Ward', 'Fendalton Ward']"
2025-10-01,322400,House,ALL,6,42,0,422.0,0.197,Christchurch City,"['Riccarton Ward', 'Fendalton Ward']"
2025-10-01,322500,House,ALL,9,93,9,545.0,0.1771,Christchurch City,['Halswell Ward']
2025-10-01,322600,House,ALL,21,192,9,494.0,0.1558,Christchurch City,['Fendalton Ward']
2025-10-01,322700,House,ALL,12,117,3,294.0,1.6412,Christchurch City,['Riccarton Ward']
2025-10-01,322800,House,ALL,21,237,15,546.0,0.1248,Christchurch City,['Halswell Ward']
2025-10-01,322900,House,ALL,12,108,9,542.0,0.2014,Christchurch City,['Halswell Ward']
2025-10-01,323000,House,ALL,6,51,3,521.0,0.1487,Christchurch City,['Fendalton Ward']
2025-10-01,323100,House,ALL,6,141,6,292.0,0.4511,Christchurch City,['Innes Ward']
2025-10-01,323200,House,ALL,15,138,9,503.0,0.2403,Christchurch City,['Riccarton Ward']
2025-10-01,323300,House,ALL,9,87,0,493.0,0.2127,Christchurch City,['Riccarton Ward']
2025-10-01,323400,House,ALL,18,117,9,454.0,0.1996,Christchurch City,['Innes Ward']
2025-10-01,323600,House,ALL,15,144,6,491.0,0.3262,Christchurch City,['Halswell Ward']
2025-10-01,323800,House,ALL,21,297,15,497.0,0.14,Christchurch City,['Innes Ward']
2025-10-01,323900,House,ALL,27,297,15,390.0,0.4132,Christchurch City,"['Central Ward', 'Fendalton Ward']"
2025-10-01,324000,House,ALL,27,255,12,510.0,0.148,Christchurch City,['Burwood Ward']
2025-10-01,324100,House,ALL,15,150,9,432.0,0.4557,Christchurch City,['Halswell Ward']
2025-10-01,324300,House,ALL,33,252,15,376.0,0.4737,Christchurch City,['Halswell Ward']
2025-10-01,324400,House,ALL,15,207,12,498.0,0.1111,Christchurch City,['Riccarton Ward']
2025-10-01,324500,House,ALL,9,183,6,451.0,0.253,Christchurch City,['Halswell Ward']
2025-10-01,324600,House,ALL,15,159,12,518.0,0.1776,Christchurch City,['Burwood Ward']
2025-10-01,324800,House,ALL,18,183,6,470.0,0.1621,Christchurch City,"['Central Ward', 'Innes Ward']"
2025-10-01,325000,House,ALL,15,93,3,417.0,0.3018,Christchurch City,"['Halswell Ward', 'Spreydon Ward']"
2025-10-01,325100,House,ALL,6,120,3,462.0,0.2547,Christchurch City,['Coastal Ward']
2025-10-01,325200,House,ALL,9,78,3,404.0,0.4512,Christchurch City,['Riccarton Ward']
2025-10-01,325300,House,ALL,12,174,9,538.0,0.1093,Christchurch City,"['Central Ward', 'Innes Ward']"
2025-10-01,325400,House,ALL,12,108,3,519.0,0.0615,Christchurch City,['Halswell Ward']
2025-10-01,325600,House,ALL,6,12,3,504.0,0.2041,Christchurch City,['Burwood Ward']
2025-10-01,325700,House,ALL,6,12,0,332.0,0.7131,Christchurch City,['Central Ward']
2025-10-01,325800,House,ALL,12,18,0,247.0,0.0404,Christchurch City,['Central Ward']
2025-10-01,325900,House,ALL,6,9,0,448.0,0.3556,Christchurch City,"['Innes Ward', 'Central Ward']"
2025-10-01,326100,House,ALL,6,18,0,559.0,0.0848,Christchurch City,['Spreydon Ward']
2025-10-01,326300,House,ALL,6,36,3,521.0,0.2106,Christchurch City,['Halswell Ward']
2025-10-01,326500,House,ALL,6,15,3,438.0,0.2125,Christchurch City,['Burwood Ward']
2025-10-01,326700,House,ALL,6,12,3,438.0,0.1136,Christchurch City,['Spreydon Ward']
2025-10-01,326800,House,ALL,6,21,12,482.0,0.1243,Christchurch City,['Central Ward']
2025-10-01,326900,House,ALL,6,24,9,443.0,0.094,Christchurch City,['Spreydon Ward']
2025-10-01,327000,House,ALL,6,21,3,664.0,0.2071,Christchurch City,['Central Ward']
2025-10-01,327100,House,ALL,9,21,6,470.0,0.0505,Christchurch City,['Central Ward']
2025-10-01,327200,House,ALL,6,15,0,561.0,0.2714,Christchurch City,['Coastal Ward']
2025-10-01,327300,House,ALL,6,12,3,529.0,0.2015,Christchurch City,['Halswell Ward']
2025-10-01,327400,House,ALL,6,15,0,362.0,0.1501,Christchurch City,"['Central Ward', 'Spreydon Ward']"
2025-10-01,327500,House,ALL,6,24,6,530.0,0.064,Christchurch City,['Burwood Ward']
2025-10-01,327600,House,ALL,6,18,0,571.0,0.1127,Christchurch City,['Spreydon Ward']
2025-10-01,327700,House,ALL,6,18,3,681.0,0.1724,Christchurch City,"['Spreydon Ward', 'Halswell Ward']"
2025-10-01,327900,House,ALL,9,36,6,391.0,0.0227,Christchurch City,"['Central Ward', 'Linwood Ward']"
2025-10-01,328000,House,ALL,6,12,0,612.0,0.0866,Christchurch City,['Halswell Ward']
2025-10-01,328200,House,ALL,6,15,0,170.0,0.7307,Christchurch City,['Spreydon Ward']
2025-10-01,328300,House,ALL,6,12,0,587.0,0.1682,Christchurch City,['Coastal Ward']
2025-10-01,328400,House,ALL,6,9,3,645.0,0.1754,Christchurch City,"['Burwood Ward', 'Linwood Ward']"
2025-10-01,328500,House,ALL,6,12,0,450.0,0.0,Christchurch City,"['Central Ward', 'Linwood Ward']"
2025-10-01,328600,House,ALL,6,6,3,526.0,0.188,Christchurch City,['Burwood Ward']
2025-10-01,328700,House,ALL,12,21,0,502.0,0.2366,Christchurch City,['Heathcote Ward']
2025-10-01,328800,House,ALL,6,9,0,529.0,0.1315,Christchurch City,"['Linwood Ward', 'Central Ward', 'Heathcote Ward']"
2025-10-01,328900,House,ALL,12,27,3,538.0,0.1475,Christchurch City,"['Linwood Ward', 'Central Ward']"
2025-10-01,329000,House,ALL,6,9,3,530.0,0.11,Christchurch City,['Halswell Ward']
2025-10-01,329100,House,ALL,9,18,3,555.0,0.0545,Christchurch City,['Cashmere Ward']
2025-10-01,329200,House,ALL,15,51,18,457.0,0.1809,Christchurch City,"['Cashmere Ward', 'Spreydon Ward']"
2025-10-01,329300,House,ALL,9,6,3,298.0,0.009,Christchurch City,['Linwood Ward']
2025-10-01,329400,House,ALL,6,12,3,594.0,0.2498,Christchurch City,['Heathcote Ward']
2025-10-01,329500,House,ALL,6,12,0,583.0,0.0835,Christchurch City,"['Cashmere Ward', 'Spreydon Ward']"
2025-10-01,329600,House,ALL,6,39,3,412.0,0.1241,Christchurch City,['Linwood Ward']
2025-10-01,329700,House,ALL,6,9,3,338.0,0.1807,Christchurch City,['Heathcote Ward']
2025-10-01,329900,House,ALL,9,33,6,458.0,0.3285,Christchurch City,['Heathcote Ward']
2025-10-01,330000,House,ALL,6,39,3,469.0,0.26,Christchurch City,"['Halswell Ward', 'Cashmere Ward']"
2025-10-01,330100,House,ALL,9,24,6,352.0,0.2351,Christchurch City,['Linwood Ward']
2025-10-01,330200,House,ALL,21,45,15,354.0,0.3124,Christchurch City,['Coastal Ward']
2025-10-01,330300,House,ALL,18,36,12,357.0,0.4443,Christchurch City,['Cashmere Ward']
2025-10-01,330400,House,ALL,6,21,3,542.0,0.1166,Christchurch City,['Linwood Ward']
2025-10-01,330500,House,ALL,9,21,0,450.0,0.3375,Christchurch City,['Linwood Ward']
2025-10-01,330600,House,ALL,6,9,0,529.0,0.2125,Christchurch City,['Cashmere Ward']
2025-10-01,330800,House,ALL,6,6,0,597.0,0.0587,Christchurch City,['Cashmere Ward']
2025-10-01,331100,House,ALL,6,6,0,477.0,0.3147,Christchurch City,"['Linwood Ward', 'Heathcote Ward']"
2025-10-01,331300,House,ALL,18,18,0,142.0,0.5107,Christchurch City,['Cashmere Ward']
2025-10-01,331400,House,ALL,6,9,9,567.0,0.1835,Christchurch City,"['Heathcote Ward', 'Cashmere Ward']"
2025-10-01,331700,House,ALL,6,12,0,631.0,0.0878,Christchurch City,['Coastal Ward']
2025-10-01,331800,House,ALL,15,33,0,596.0,0.0874,Christchurch City,['Heathcote Ward']
2025-10-01,331900,House,ALL,6,33,3,562.0,0.2132,Christchurch City,['Heathcote Ward']
2025-10-01,332000,House,ALL,6,12,0,647.0,0.0801,Christchurch City,['Heathcote Ward']
2025-10-01,332100,House,ALL,6,9,0,634.0,0.0711,Christchurch City,['Heathcote Ward']
2025-10-01,332500,House,ALL,6,12,0,663.0,0.0904,Christchurch City,['Banks Peninsula Ward']
2025-10-01,332700,House,ALL,6,12,3,551.0,0.3186,Christchurch City,['Heathcote Ward']
